,type,sex,buy
0,ham,0,0
1,ham,0,0
2,spam,0,0
3,ham,0,0
4,ham,0,0
5,spam,0,0
6,ham,0,0
7,ham,0,0
8,spam,0,0
9,spam,0,0
10,ham,0,0
11,spam,0,0
12,spam,0,0
13,ham,0,0
14,ham,0,0
15,spam,0,0
16,ham,0,0
17,ham,0,0
18,ham,0,0
19,spam,0,0
20,ham,0,0
21,ham,0,0
22,ham,0,0
23,ham,0,0
24,ham,0,0
25,ham,0,0
26,ham,0,0
27,ham,0,0
28,ham,0,0
29,ham,0,0
30,ham,0,0
31,ham,0,0
32,ham,0,0
33,ham,0,0
34,spam,0,0
35,ham,0,0
36,ham,0,0
37,ham,0,0
38,ham,0,0
39,ham,0,0
40,ham,0,0
41,ham,0,0
42,spam,0,0
43,ham,0,0
44,ham,0,0
45,ham,0,0
46,ham,0,0
47,ham,0,0
48,ham,0,0
49,ham,0,0
50,ham,0,0
51,ham,0,0
52,ham,0,0
53,ham,0,0
54,spam,0,0
55,ham,0,0
56,spam,0,0
57,ham,0,0
58,ham,0,0
59,ham,0,0
60,ham,0,0
61,ham,0,0
62,ham,0,0
63,ham,0,0
64,ham,0,0
65,spam,0,0
66,ham,0,0
67,spam,0,0
68,spam,0,0
69,ham,0,0
70,ham,0,0
71,ham,0,0
72,ham,0,0
73,ham,0,0
74,ham,0,0
75,ham,0,0
76,ham,0,0
77,ham,0,0
78,ham,0,0
79,ham,0,0
80,ham,0,0
81,ham,0,0
82,ham,0,0
83,ham,0,0
84,ham,0,0
85,ham,0,0
86,ham,0,0
87,ham,0,0
88,ham,0,0
89,ham,0,0
90,ham,0,0
91,ham,0,0
92,ham,0,0
93,spam,0,0
94,ham,0,1
95,spam,0,0
96,ham,0,0
97,ham,0,0
98,ham,0,0
99,ham,0,0
100,ham,0,0
101,ham,0,0
102,ham,0,1
103,ham,0,0
104,ham,0,0
105,ham,0,0
106,ham,0,0
107,ham,0,0
108,ham,0,0
109,ham,0,0
110,ham,0,0
111,ham,0,0
112,ham,0,0
113,ham,0,0
114,spam,0,0
115,ham,0,0
116,ham,0,0
117,spam,0,0
118,ham,0,0
119,ham,0,1
120,spam,0,0
121,spam,0,0
122,ham,0,0
123,spam,0,0
124,ham,0,0
125,ham,0,1
126,ham,0,0
127,ham,0,0
128,ham,0,0
129,ham,0,0
130,ham,0,0
131,ham,0,0
132,ham,0,0
133,ham,0,0
134,spam,0,0
135,spam,0,0
136,ham,0,0
137,ham,0,0
138,ham,0,0
139,spam,0,0
140,ham,0,0
141,ham,0,0
142,ham,0,0
143,ham,0,0
144,ham,0,0
145,ham,0,0
146,ham,0,0
147,spam,1,0
148,ham,0,0
149,ham,0,0
150,ham,0,0
151,ham,0,0
152,ham,0,0
153,ham,0,0
154,ham,0,0
155,ham,0,0
156,ham,0,0
157,ham,0,0
158,ham,0,0
159,spam,0,0
160,spam,0,0
161,ham,0,0
162,ham,0,0
163,ham,0,0
164,spam,0,0
165,spam,0,0
166,ham,0,0
167,spam,0,0
168,ham,0,0
169,ham,0,0
170,ham,0,0
171,ham,0,0
172,ham,0,0
173,ham,0,0
174,ham,0,0
175,ham,0,0
176,ham,0,0
177,ham,0,0
178,ham,0,0
179,ham,0,0
180,ham,0,0
181,ham,0,0
182,ham,0,0
183,ham,0,0
184,ham,0,0
185,ham,0,0
186,ham,0,0
187,ham,0,0
188,spam,0,0
189,ham,0,0
190,ham,0,0
191,spam,0,0
192,ham,0,0
193,ham,0,0
194,ham,0,0
195,ham,0,0
196,ham,0,0
197,ham,0,0
198,ham,0,0
199,ham,0,0
200,ham,0,0
201,ham,0,0
202,ham,0,0
203,ham,0,0
204,ham,0,0
205,ham,0,0
206,ham,0,1
207,ham,0,0
208,ham,0,0
209,ham,0,0
210,ham,0,0
211,ham,0,0
212,ham,0,0
213,ham,0,0
214,ham,0,0
215,ham,0,0
216,ham,0,0
217,ham,0,0
218,ham,0,0
219,ham,0,0
220,ham,0,0
221,ham,0,0
222,ham,0,0
223,ham,0,0
224,ham,0,0
225,spam,0,0
226,ham,0,0
227,spam,0,0
228,ham,0,0
229,ham,0,0
230,ham,0,0
231,ham,0,0
232,ham,0,0
233,ham,0,0
234,ham,0,0
235,spam,1,0
236,ham,0,0
237,ham,0,0
238,ham,0,0
239,ham,0,0
240,spam,0,0
241,ham,0,0
242,ham,0,0
243,ham,0,0
244,ham,0,0
245,ham,0,0
246,ham,0,0
247,ham,0,0
248,ham,0,0
249,ham,0,0
250,spam,0,0
251,ham,0,0
252,ham,0,0
253,ham,0,0
254,ham,0,0
255,ham,0,0
256,ham,0,0
257,ham,0,0
258,ham,0,0
259,spam,0,0
260,ham,0,0
261,ham,0,0
262,ham,0,0
263,ham,0,0
264,spam,0,0
265,ham,0,0
266,ham,0,0
267,ham,0,0
268,spam,0,0
269,ham,0,0
270,spam,0,0
271,ham,0,0
272,ham,0,0
273,spam,0,0
274,ham,0,0
275,ham,0,0
276,ham,0,0
277,ham,0,0
278,ham,0,0
279,ham,0,0
280,ham,0,0
281,ham,0,0
282,ham,0,0
283,ham,0,0
284,ham,0,0
285,ham,0,0
286,ham,0,0
287,ham,0,0
288,ham,0,0
289,ham,0,0
290,ham,0,0
291,ham,0,0
292,ham,0,0
293,ham,0,0
294,ham,0,0
295,ham,0,0
296,spam,0,0
297,ham,0,0
298,ham,0,0
299,ham,0,0
300,ham,0,0
301,ham,0,0
302,ham,0,0
303,ham,0,0
304,ham,0,0
305,spam,0,0
306,ham,0,0
307,ham,0,0
308,ham,0,1
309,spam,0,0
310,ham,0,0
311,ham,0,0
312,spam,0,0
313,ham,0,1
314,ham,0,0
315,ham,0,0
316,ham,0,0
317,ham,0,0
318,ham,0,0
319,spam,0,0
320,ham,0,0
321,ham,0,0
322,ham,0,0
323,ham,0,0
324,ham,0,0
325,ham,0,0
326,ham,0,0
327,ham,0,0
328,ham,0,0
329,ham,0,0
330,ham,0,0
331,ham,0,0
332,ham,0,0
333,spam,0,0
334,ham,0,0
335,spam,0,0
336,ham,0,0
337,ham,0,0
338,ham,0,0
339,ham,0,0
340,ham,0,0
341,ham,0,0
342,ham,0,0
343,ham,0,0
344,ham,0,0
345,ham,0,0
346,ham,0,0
347,ham,0,0
348,ham,0,0
349,spam,1,0
350,ham,0,0
351,ham,0,0
352,ham,0,0
353,ham,0,0
354,ham,0,0
355,ham,0,0
356,ham,0,0
357,spam,0,0
358,spam,0,0
359,ham,0,0
360,ham,0,0
361,ham,0,0
362,ham,0,0
363,ham,0,0
364,ham,0,0
365,ham,0,0
366,ham,0,0
367,spam,0,0
368,spam,0,0
369,ham,0,0
370,ham,0,0
371,ham,0,0
372,ham,0,0
373,ham,0,0
374,ham,0,1
375,spam,0,0
376,ham,0,0
377,ham,0,0
378,ham,0,0
379,ham,0,0
380,ham,0,0
381,ham,0,0
382,ham,0,0
383,ham,0,0
384,ham,0,0
385,spam,0,0
386,ham,0,0
387,ham,0,0
388,ham,0,0
389,spam,0,0
390,ham,0,0
391,ham,0,0
392,ham,0,0
393,ham,0,0
394,ham,0,0
395,ham,0,0
396,ham,0,0
397,ham,0,0
398,ham,0,0
399,ham,0,0
400,ham,0,0
401,spam,0,0
402,ham,0,0
403,ham,0,0
404,ham,0,0
405,ham,0,0
406,ham,0,0
407,ham,0,0
408,ham,0,0
409,ham,0,0
410,ham,0,0
411,ham,0,0
412,ham,0,0
413,ham,0,0
414,ham,0,0
415,spam,0,0
416,ham,0,0
417,ham,0,0
418,spam,0,0
419,ham,0,0
420,spam,0,0
421,ham,0,0
422,spam,0,0
423,ham,0,0
424,spam,0,0
425,ham,0,0
426,ham,0,0
427,ham,0,0
428,ham,0,0
429,ham,0,0
430,ham,0,1
431,ham,0,0
432,ham,0,0
433,spam,0,0
434,ham,0,0
435,ham,0,0
436,ham,0,0
437,ham,0,0
438,ham,0,0
439,ham,0,0
440,ham,0,0
441,ham,0,0
442,ham,0,0
443,ham,0,0
444,ham,0,0
445,ham,0,0
446,ham,0,0
447,ham,0,0
448,ham,0,0
449,ham,0,0
450,ham,0,0
451,ham,0,0
452,ham,0,0
453,ham,0,0
454,ham,0,0
455,spam,0,0
456,ham,0,0
457,ham,0,0
458,ham,0,0
459,ham,0,0
460,ham,0,0
461,ham,0,0
462,ham,0,0
463,spam,0,0
464,ham,0,0
465,ham,0,0
466,ham,0,0
467,ham,0,0
468,ham,0,0
469,ham,0,0
470,ham,0,0
471,spam,0,0
472,ham,0,0
473,ham,0,0
474,spam,0,0
475,ham,0,0
476,ham,0,0
477,ham,0,0
478,ham,0,0
479,ham,0,0
480,ham,0,0
481,ham,0,0
482,ham,0,0
483,ham,0,0
484,ham,0,0
485,ham,0,0
486,ham,0,0
487,spam,0,0
488,ham,0,0
489,ham,0,0
490,ham,0,0
491,ham,0,1
492,spam,0,0
493,ham,0,0
494,ham,0,0
495,ham,0,0
496,ham,0,0
497,ham,0,0
498,ham,0,0
499,ham,0,0
500,ham,0,0
501,ham,0,0
502,ham,0,0
503,ham,0,0
504,ham,0,0
505,spam,0,0
506,ham,0,0
507,ham,0,0
508,ham,0,0
509,ham,0,0
510,ham,0,0
511,ham,0,0
512,ham,0,0
513,ham,0,0
514,ham,0,0
515,spam,0,0
516,ham,0,0
517,spam,0,0
518,spam,0,0
519,ham,0,0
520,ham,0,0
521,ham,0,0
522,ham,0,0
523,ham,0,0
524,ham,0,0
525,spam,0,0
526,ham,0,0
527,spam,0,0
528,ham,0,0
529,spam,0,0
530,ham,0,0
531,spam,0,0
532,ham,0,0
533,ham,0,0
534,ham,0,0
535,ham,0,0
536,ham,0,0
537,ham,0,0
538,ham,0,0
539,ham,0,0
540,ham,0,0
541,spam,0,0
542,ham,0,0
543,ham,0,0
544,ham,0,0
545,ham,0,0
546,ham,0,0
547,ham,0,0
548,ham,0,0
549,ham,0,0
550,ham,0,0
551,ham,0,0
552,ham,0,0
553,ham,0,0
554,ham,0,0
555,ham,0,0
556,ham,0,0
557,ham,0,0
558,ham,0,0
559,ham,0,0
560,ham,0,0
561,ham,0,0
562,ham,0,0
563,ham,0,0
564,spam,0,0
565,ham,0,0
566,ham,0,0
567,ham,0,0
568,ham,0,0
569,ham,0,0
570,ham,0,0
571,ham,0,0
572,ham,0,0
573,ham,0,0
574,ham,0,0
575,ham,0,0
576,spam,0,0
577,ham,0,0
578,ham,0,0
579,spam,0,0
580,ham,0,0
581,ham,0,0
582,ham,0,0
583,spam,0,0
584,ham,0,0
585,ham,0,0
586,ham,0,0
587,ham,0,0
588,ham,0,0
589,ham,0,0
590,ham,0,0
591,spam,0,0
592,spam,0,0
593,spam,0,0
594,ham,0,0
595,ham,0,0
596,ham,0,0
597,ham,0,0
598,spam,0,0
599,ham,0,0
600,ham,0,1
601,ham,0,0
602,ham,0,0
603,ham,0,0
604,ham,0,0
605,ham,0,0
606,ham,0,0
607,spam,0,0
608,ham,0,0
609,ham,0,0
610,ham,0,0
611,spam,0,0
612,ham,0,0
613,ham,0,0
614,ham,0,0
615,ham,0,0
616,ham,0,0
617,ham,0,0
618,ham,0,0
619,ham,0,0
620,ham,0,0
621,ham,0,0
622,ham,0,0
623,ham,0,0
624,ham,0,0
625,ham,0,0
626,ham,0,0
627,ham,0,0
628,ham,0,0
629,spam,0,0
630,spam,0,0
631,ham,0,0
632,ham,0,0
633,ham,0,0
634,ham,0,0
635,spam,0,0
636,ham,0,0
637,ham,0,0
638,ham,0,0
639,ham,0,0
640,ham,0,0
641,ham,0,0
642,ham,0,0
643,ham,0,0
644,ham,0,0
645,ham,0,0
646,ham,0,0
647,ham,0,0
648,spam,0,0
649,ham,0,0
650,spam,0,0
651,ham,0,0
652,ham,0,0
653,ham,0,0
654,ham,0,0
655,ham,0,0
656,ham,0,0
657,ham,0,0
658,ham,0,0
659,ham,0,0
660,spam,0,0
661,ham,0,0
662,ham,0,0
663,ham,0,0
664,ham,0,0
665,ham,0,0
666,ham,0,0
667,ham,0,1
668,ham,0,0
669,ham,0,0
670,ham,0,0
671,ham,0,0
672,spam,0,0
673,spam,0,0
674,ham,0,0
675,ham,0,0
676,ham,0,0
677,ham,0,0
678,ham,0,0
679,ham,0,0
680,ham,0,0
681,ham,0,0
682,ham,0,0
683,ham,0,0
684,spam,1,0
685,ham,0,0
686,ham,0,0
687,ham,0,0
688,ham,0,0
689,ham,0,0
690,spam,0,0
691,ham,0,0
692,ham,0,1
693,ham,0,0
694,ham,0,0
695,ham,0,0
696,ham,0,0
697,ham,0,0
698,ham,0,0
699,ham,0,1
700,ham,0,0
701,ham,0,0
702,ham,0,0
703,ham,0,0
704,ham,0,0
705,ham,0,0
706,ham,0,0
707,ham,0,0
708,ham,0,0
709,spam,0,0
710,spam,0,0
711,ham,0,0
712,ham,0,0
713,spam,0,0
714,ham,0,0
715,ham,0,0
716,ham,0,0
717,spam,0,0
718,ham,0,0
719,spam,0,0
720,ham,0,0
721,ham,0,0
722,ham,0,0
723,ham,0,0
724,ham,0,0
725,ham,0,0
726,ham,0,0
727,ham,0,0
728,ham,0,0
729,ham,0,0
730,ham,0,0
731,spam,0,0
732,ham,0,0
733,ham,0,0
734,ham,0,0
735,ham,0,0
736,ham,0,0
737,ham,0,0
738,spam,0,0
739,ham,0,0
740,ham,0,0
741,ham,0,0
742,ham,0,0
743,ham,0,0
744,ham,0,0
745,ham,0,0
746,ham,0,0
747,ham,0,0
748,spam,0,0
749,ham,0,0
750,ham,0,0
751,spam,0,0
752,spam,0,0
753,ham,0,0
754,ham,0,0
755,ham,0,0
756,ham,0,0
757,ham,0,0
758,ham,0,0
759,ham,0,0
760,ham,0,0
761,spam,0,0
762,ham,0,0
763,spam,0,0
764,ham,0,0
765,ham,0,0
766,spam,0,0
767,ham,0,0
768,ham,0,0
769,ham,0,0
770,ham,0,0
771,ham,0,0
772,ham,0,0
773,ham,0,0
774,ham,0,0
775,ham,0,0
776,ham,0,0
777,ham,0,0
778,ham,0,0
779,ham,0,0
780,ham,0,0
781,ham,0,0
782,ham,0,0
783,ham,0,0
784,spam,0,0
785,ham,0,0
786,ham,0,0
787,ham,0,0
788,spam,0,0
789,spam,0,0
790,ham,0,0
791,ham,0,0
792,ham,0,0
793,ham,0,0
794,ham,0,0
795,ham,0,0
796,ham,0,0
797,spam,0,0
798,ham,0,0
799,ham,0,0
800,ham,0,0
801,spam,0,0
802,ham,0,0
803,spam,0,0
804,spam,0,0
805,ham,0,0
806,ham,0,0
807,ham,0,0
808,ham,0,0
809,ham,0,0
810,ham,0,0
811,ham,0,0
812,ham,0,0
813,spam,0,0
814,ham,0,0
815,spam,0,0
816,ham,0,0
817,ham,0,0
818,ham,0,0
819,ham,0,0
820,ham,0,0
821,ham,0,0
822,ham,0,0
823,spam,0,0
824,spam,0,0
825,ham,0,0
826,ham,0,0
827,ham,0,0
828,ham,0,0
829,ham,0,0
830,ham,0,0
831,spam,0,0
832,ham,0,0
833,spam,0,0
834,ham,0,0
835,ham,0,0
836,ham,0,0
837,spam,0,0
838,ham,0,0
839,spam,0,0
840,spam,0,0
841,ham,0,0
842,ham,0,0
843,ham,0,0
844,spam,0,0
845,ham,0,0
846,ham,0,0
847,ham,0,0
848,ham,0,0
849,ham,0,0
850,spam,0,0
851,ham,0,1
852,ham,0,0
853,ham,0,0
854,ham,0,0
855,ham,0,0
856,spam,1,0
857,ham,0,0
858,ham,0,0
859,ham,0,0
860,ham,0,0
861,ham,0,0
862,ham,0,0
863,ham,0,0
864,ham,0,0
865,ham,0,0
866,spam,0,0
867,ham,0,0
868,spam,0,0
869,spam,0,0
870,spam,0,0
871,ham,0,0
872,ham,0,0
873,ham,0,0
874,ham,0,0
875,ham,0,0
876,spam,0,0
877,ham,0,0
878,spam,0,0
879,spam,0,0
880,spam,0,0
881,spam,0,0
882,ham,0,0
883,ham,0,0
884,ham,0,0
885,ham,0,0
886,ham,0,0
887,ham,0,0
888,ham,0,0
889,ham,0,0
890,ham,0,0
891,ham,0,0
892,ham,0,0
893,ham,0,0
894,ham,0,0
895,ham,0,0
896,ham,0,0
897,ham,0,0
898,ham,0,0
899,ham,0,0
900,spam,0,0
901,ham,0,0
902,ham,0,0
903,ham,0,0
904,ham,0,0
905,ham,0,0
906,ham,0,0
907,spam,0,0
908,ham,0,0
909,ham,0,0
910,spam,0,0
911,ham,0,0
912,ham,0,0
913,ham,0,0
914,ham,0,0
915,ham,0,0
916,ham,0,0
917,ham,0,0
918,ham,0,0
919,ham,0,0
920,ham,0,0
921,ham,0,0
922,ham,0,0
923,ham,0,0
924,ham,0,0
925,ham,0,0
926,ham,0,0
927,ham,0,0
928,ham,0,0
929,ham,0,0
930,spam,0,0
931,ham,0,0
932,ham,0,0
933,ham,0,0
934,ham,0,0
935,spam,0,0
936,ham,0,0
937,ham,0,0
938,ham,0,0
939,spam,0,0
940,ham,0,0
941,ham,0,0
942,ham,0,0
943,spam,0,0
944,ham,0,0
945,ham,0,0
946,ham,0,0
947,spam,0,0
948,ham,0,0
949,ham,0,0
950,ham,0,0
951,ham,0,0
952,ham,0,0
953,ham,0,0
954,ham,0,0
955,spam,0,0
956,ham,0,0
957,ham,0,0
958,ham,0,0
959,ham,0,0
960,ham,0,0
961,ham,0,0
962,spam,0,0
963,ham,0,0
964,ham,0,0
965,ham,0,0
966,ham,0,0
967,ham,0,0
968,ham,0,0
969,ham,0,0
970,ham,0,0
971,ham,0,0
972,ham,0,0
973,ham,0,0
974,ham,0,0
975,ham,0,0
976,ham,0,0
977,ham,0,0
978,ham,0,0
979,ham,0,0
980,ham,0,0
981,ham,0,0
982,ham,0,0
983,spam,0,0
984,ham,0,0
985,ham,0,0
986,ham,0,0
987,ham,0,0
988,ham,0,0
989,ham,0,0
990,ham,0,0
991,ham,0,0
992,ham,0,0
993,ham,0,0
994,ham,0,0
995,ham,0,0
996,ham,0,0
997,ham,0,0
998,ham,0,0
999,ham,0,0
1000,ham,0,0
1001,ham,0,0
1002,spam,0,0
1003,ham,0,0
1004,ham,0,0
1005,ham,0,0
1006,ham,0,0
1007,spam,0,0
1008,ham,0,0
1009,ham,0,0
1010,ham,0,0
1011,ham,0,0
1012,ham,0,0
1013,ham,0,0
1014,ham,0,1
1015,ham,0,0
1016,ham,0,0
1017,spam,0,0
1018,ham,0,0
1019,ham,0,0
1020,ham,0,0
1021,ham,0,0
1022,spam,1,0
1023,ham,0,0
1024,ham,0,0
1025,ham,0,0
1026,ham,0,0
1027,ham,0,0
1028,ham,0,0
1029,ham,0,0
1030,ham,0,0
1031,ham,0,0
1032,ham,0,0
1033,ham,0,0
1034,ham,0,0
1035,ham,0,0
1036,ham,0,0
1037,ham,0,0
1038,ham,0,0
1039,ham,0,0
1040,ham,0,0
1041,ham,0,0
1042,ham,0,0
1043,ham,0,0
1044,ham,0,0
1045,spam,0,0
1046,ham,0,0
1047,ham,0,0
1048,spam,0,0
1049,ham,0,0
1050,spam,0,0
1051,ham,0,0
1052,ham,0,0
1053,ham,0,0
1054,ham,0,0
1055,ham,0,0
1056,ham,0,0
1057,ham,0,0
1058,ham,0,0
1059,ham,0,0
1060,spam,0,0
1061,ham,0,0
1062,ham,0,0
1063,ham,0,0
1064,spam,0,0
1065,ham,0,0
1066,ham,0,0
1067,ham,0,0
1068,ham,0,0
1069,spam,0,0
1070,ham,0,0
1071,ham,0,0
1072,spam,0,0
1073,spam,0,0
1074,ham,0,0
1075,ham,0,0
1076,ham,0,0
1077,ham,0,0
1078,ham,0,0
1079,ham,0,0
1080,ham,0,0
1081,ham,0,0
1082,ham,0,0
1083,ham,0,0
1084,ham,0,0
1085,ham,0,0
1086,ham,0,0
1087,ham,0,0
1088,ham,0,0
1089,spam,0,0
1090,ham,0,0
1091,spam,0,0
1092,ham,0,0
1093,ham,0,0
1094,ham,0,0
1095,ham,0,0
1096,ham,0,0
1097,spam,0,0
1098,ham,0,1
1099,ham,0,0
1100,ham,0,0
1101,ham,0,0
1102,ham,0,0
1103,ham,0,0
1104,ham,0,0
1105,spam,0,0
1106,ham,0,0
1107,ham,0,0
1108,ham,0,0
1109,ham,0,0
1110,ham,0,0
1111,ham,0,0
1112,ham,0,0
1113,ham,0,0
1114,ham,0,0
1115,ham,0,0
1116,ham,0,0
1117,ham,0,0
1118,spam,0,0
1119,ham,0,0
1120,spam,0,0
1121,ham,0,0
1122,spam,0,0
1123,ham,0,0
1124,ham,0,0
1125,ham,0,0
1126,spam,0,0
1127,ham,0,0
1128,ham,0,0
1129,spam,0,0
1130,ham,0,0
1131,ham,0,0
1132,ham,0,0
1133,ham,0,0
1134,ham,0,0
1135,ham,0,0
1136,ham,0,0
1137,spam,0,0
1138,ham,0,0
1139,ham,0,0
1140,ham,0,0
1141,ham,0,0
1142,spam,0,0
1143,ham,0,0
1144,ham,0,0
1145,ham,0,0
1146,spam,0,0
1147,ham,0,0
1148,ham,0,0
1149,ham,0,0
1150,ham,0,0
1151,ham,0,0
1152,ham,0,0
1153,ham,0,0
1154,spam,1,0
1155,ham,0,0
1156,ham,0,0
1157,ham,0,0
1158,ham,0,0
1159,ham,0,0
1160,ham,0,1
1161,ham,0,0
1162,ham,0,0
1163,spam,0,0
1164,ham,0,0
1165,ham,0,0
1166,ham,0,0
1167,ham,0,0
1168,ham,0,0
1169,ham,0,0
1170,ham,0,0
1171,ham,0,0
1172,spam,0,0
1173,ham,0,0
1174,ham,0,0
1175,ham,0,0
1176,ham,0,0
1177,ham,0,0
1178,ham,0,0
1179,ham,0,0
1180,ham,0,0
1181,ham,0,0
1182,ham,0,0
1183,ham,0,0
1184,ham,0,0
1185,ham,0,0
1186,ham,0,0
1187,ham,0,0
1188,ham,0,0
1189,ham,0,0
1190,ham,0,0
1191,ham,0,0
1192,ham,0,0
1193,ham,0,0
1194,spam,2,0
1195,ham,0,0
1196,spam,0,0
1197,ham,0,0
1198,ham,0,0
1199,ham,0,0
1200,ham,0,0
1201,ham,0,0
1202,ham,0,0
1203,ham,0,0
1204,ham,0,0
1205,spam,0,0
1206,ham,0,0
1207,spam,0,0
1208,ham,0,0
1209,ham,0,0
1210,ham,0,0
1211,ham,0,0
1212,ham,0,0
1213,ham,0,0
1214,ham,0,0
1215,ham,0,0
1216,ham,0,0
1217,spam,0,0
1218,ham,0,0
1219,ham,0,0
1220,ham,0,0
1221,spam,0,0
1222,ham,0,0
1223,ham,0,0
1224,ham,0,0
1225,spam,0,0
1226,ham,0,0
1227,spam,0,0
1228,ham,0,0
1229,spam,0,0
1230,ham,0,0
1231,ham,0,0
1232,ham,0,0
1233,ham,0,0
1234,ham,0,0
1235,ham,0,0
1236,ham,0,0
1237,ham,0,0
1238,ham,0,0
1239,ham,0,0
1240,ham,0,0
1241,ham,0,0
1242,ham,0,0
1243,ham,0,0
1244,ham,0,0
1245,ham,0,0
1246,ham,0,0
1247,ham,0,0
1248,ham,0,0
1249,ham,0,0
1250,ham,0,0
1251,ham,0,0
1252,spam,0,0
1253,ham,0,0
1254,ham,0,0
1255,ham,0,0
1256,ham,0,0
1257,ham,0,0
1258,ham,0,0
1259,ham,0,0
1260,ham,0,0
1261,ham,0,0
1262,ham,0,0
1263,spam,0,0
1264,ham,0,0
1265,ham,0,0
1266,ham,0,0
1267,ham,0,0
1268,ham,0,0
1269,spam,0,0
1270,ham,0,0
1271,ham,0,0
1272,ham,0,0
1273,ham,0,0
1274,spam,0,0
1275,ham,0,0
1276,ham,0,0
1277,ham,0,0
1278,ham,0,0
1279,ham,0,0
1280,ham,0,0
1281,ham,0,0
1282,ham,0,0
1283,ham,0,0
1284,ham,0,0
1285,ham,0,0
1286,ham,0,0
1287,ham,0,0
1288,ham,0,0
1289,ham,0,0
1290,ham,0,0
1291,ham,0,0
1292,ham,0,0
1293,ham,0,0
1294,ham,0,0
1295,ham,0,0
1296,ham,0,0
1297,ham,0,0
1298,ham,0,0
1299,ham,0,0
1300,ham,0,0
1301,ham,0,0
1302,ham,0,0
1303,ham,0,0
1304,ham,0,0
1305,ham,0,0
1306,ham,0,0
1307,spam,0,0
1308,spam,0,0
1309,ham,0,0
1310,ham,0,0
1311,ham,0,0
1312,ham,0,0
1313,ham,0,0
1314,ham,0,0
1315,ham,0,0
1316,ham,0,0
1317,ham,0,0
1318,spam,0,0
1319,ham,0,0
1320,ham,0,0
1321,ham,0,0
1322,ham,0,0
1323,ham,0,0
1324,ham,0,0
1325,ham,0,0
1326,ham,0,0
1327,ham,0,0
1328,spam,0,0
1329,ham,0,0
1330,ham,0,0
1331,ham,0,0
1332,ham,0,0
1333,ham,0,0
1334,ham,0,0
1335,ham,0,0
1336,ham,0,0
1337,ham,0,0
1338,ham,0,1
1339,ham,0,0
1340,ham,0,0
1341,ham,0,0
1342,ham,0,0
1343,ham,0,0
1344,ham,0,0
1345,ham,0,0
1346,ham,0,0
1347,ham,0,0
1348,ham,0,0
1349,ham,0,0
1350,spam,1,0
1351,ham,0,0
1352,ham,0,0
1353,ham,0,0
1354,ham,0,0
1355,ham,0,0
1356,ham,0,0
1357,ham,0,0
1358,ham,0,0
1359,ham,0,2
1360,ham,0,0
1361,ham,0,0
1362,ham,0,0
1363,ham,0,0
1364,ham,0,0
1365,ham,0,0
1366,spam,0,0
1367,ham,0,0
1368,ham,0,0
1369,ham,0,0
1370,ham,0,0
1371,ham,0,0
1372,ham,0,0
1373,ham,0,0
1374,spam,0,0
1375,spam,0,0
1376,ham,0,0
1377,ham,0,0
1378,spam,0,0
1379,ham,0,0
1380,spam,0,0
1381,ham,0,0
1382,ham,0,0
1383,ham,0,0
1384,ham,0,0
1385,ham,0,0
1386,ham,0,0
1387,ham,0,0
1388,ham,0,0
1389,ham,0,0
1390,ham,0,0
1391,ham,0,0
1392,ham,0,0
1393,ham,0,0
1394,ham,0,0
1395,ham,0,0
1396,ham,0,0
1397,ham,0,0
1398,ham,0,0
1399,ham,0,0
1400,ham,0,0
1401,ham,0,0
1402,ham,0,0
1403,ham,0,0
1404,ham,0,0
1405,ham,0,0
1406,ham,0,0
1407,spam,0,0
1408,ham,0,0
1409,ham,0,0
1410,ham,0,0
1411,ham,0,0
1412,ham,0,0
1413,ham,0,0
1414,spam,0,0
1415,ham,0,0
1416,ham,0,0
1417,ham,0,0
1418,ham,0,0
1419,ham,0,0
1420,ham,0,0
1421,ham,0,0
1422,ham,0,0
1423,spam,0,0
1424,ham,0,0
1425,ham,0,0
1426,ham,0,0
1427,ham,0,0
1428,ham,0,0
1429,ham,0,0
1430,spam,0,0
1431,ham,0,0
1432,ham,0,0
1433,ham,0,0
1434,ham,0,0
1435,ham,0,0
1436,ham,0,0
1437,ham,0,0
1438,ham,0,0
1439,ham,0,0
1440,ham,0,0
1441,ham,0,0
1442,ham,0,0
1443,ham,0,0
1444,spam,0,0
1445,ham,0,0
1446,ham,0,0
1447,ham,0,0
1448,ham,0,0
1449,spam,0,0
1450,ham,0,0
1451,ham,0,0
1452,ham,0,0
1453,ham,0,0
1454,ham,0,0
1455,ham,0,0
1456,spam,1,0
1457,ham,0,0
1458,spam,0,0
1459,ham,0,0
1460,spam,0,0
1461,ham,0,0
1462,ham,0,0
1463,spam,0,0
1464,ham,0,0
1465,ham,0,0
1466,spam,0,0
1467,ham,0,0
1468,ham,0,0
1469,spam,0,0
1470,ham,0,0
1471,ham,0,0
1472,ham,0,0
1473,ham,0,0
1474,ham,0,0
1475,ham,0,0
1476,ham,0,0
1477,ham,0,0
1478,ham,0,0
1479,ham,0,0
1480,ham,0,0
1481,ham,0,0
1482,ham,0,0
1483,ham,0,0
1484,ham,0,0
1485,ham,0,0
1486,ham,0,0
1487,ham,0,0
1488,ham,0,0
1489,ham,0,0
1490,ham,0,0
1491,ham,0,0
1492,spam,0,0
1493,ham,0,0
1494,ham,0,0
1495,ham,0,0
1496,ham,0,0
1497,ham,0,0
1498,ham,0,0
1499,ham,0,0
1500,spam,0,0
1501,ham,0,0
1502,spam,0,0
1503,ham,0,0
1504,ham,0,0
1505,ham,0,0
1506,ham,0,0
1507,spam,0,0
1508,ham,0,0
1509,ham,0,0
1510,ham,0,0
1511,ham,0,0
1512,ham,0,0
1513,ham,0,0
1514,ham,0,0
1515,ham,0,0
1516,ham,0,0
1517,ham,0,0
1518,spam,0,0
1519,ham,0,0
1520,ham,0,0
1521,spam,0,0
1522,ham,0,0
1523,ham,0,0
1524,ham,0,0
1525,ham,0,0
1526,ham,0,0
1527,ham,0,0
1528,ham,0,0
1529,ham,0,0
1530,ham,0,0
1531,ham,0,0
1532,ham,0,0
1533,ham,0,0
1534,ham,0,0
1535,ham,0,0
1536,spam,0,0
1537,ham,0,0
1538,ham,0,0
1539,ham,0,0
1540,ham,0,0
1541,ham,0,0
1542,ham,0,0
1543,ham,0,0
1544,spam,0,0
1545,ham,0,0
1546,ham,0,0
1547,ham,0,0
1548,ham,0,2
1549,ham,0,0
1550,ham,0,0
1551,ham,0,0
1552,ham,0,0
1553,ham,0,0
1554,ham,0,0
1555,ham,0,0
1556,ham,0,0
1557,ham,0,0
1558,ham,0,0
1559,ham,0,0
1560,ham,0,0
1561,ham,0,0
1562,ham,0,0
1563,ham,0,0
1564,ham,0,0
1565,ham,0,0
1566,ham,0,0
1567,ham,0,0
1568,ham,0,0
1569,ham,0,0
1570,ham,0,0
1571,ham,0,1
1572,ham,0,0
1573,spam,0,0
1574,spam,0,0
1575,ham,0,0
1576,ham,0,0
1577,ham,0,0
1578,ham,0,0
1579,ham,0,0
1580,ham,0,0
1581,ham,0,0
1582,ham,0,0
1583,ham,0,0
1584,ham,0,0
1585,ham,0,0
1586,ham,0,0
1587,ham,0,0
1588,ham,0,0
1589,ham,0,0
1590,ham,0,0
1591,ham,0,0
1592,ham,0,0
1593,ham,0,0
1594,spam,0,0
1595,ham,0,0
1596,ham,0,0
1597,spam,0,0
1598,spam,0,0
1599,ham,0,0
1600,ham,0,0
1601,ham,0,0
1602,ham,0,0
1603,ham,0,0
1604,ham,0,0
1605,ham,0,0
1606,ham,0,0
1607,ham,0,0
1608,ham,0,0
1609,ham,0,0
1610,ham,0,0
1611,ham,0,0
1612,ham,0,0
1613,spam,0,0
1614,ham,0,0
1615,ham,0,0
1616,ham,0,0
1617,ham,0,0
1618,ham,0,0
1619,ham,0,0
1620,ham,0,0
1621,ham,0,0
1622,ham,0,0
1623,spam,0,0
1624,ham,0,0
1625,spam,0,0
1626,ham,0,0
1627,ham,0,0
1628,spam,0,0
1629,ham,0,0
1630,ham,0,0
1631,ham,0,0
1632,ham,0,0
1633,ham,0,0
1634,ham,0,0
1635,spam,0,0
1636,ham,0,0
1637,ham,0,0
1638,spam,0,0
1639,ham,0,0
1640,spam,0,0
1641,ham,0,0
1642,ham,0,0
1643,ham,0,0
1644,ham,0,0
1645,ham,0,0
1646,ham,0,0
1647,ham,0,0
1648,ham,0,0
1649,ham,0,0
1650,ham,0,0
1651,ham,0,0
1652,ham,0,0
1653,spam,0,0
1654,ham,0,1
1655,ham,0,0
1656,ham,0,0
1657,ham,0,0
1658,ham,0,0
1659,spam,0,0
1660,ham,0,0
1661,ham,0,0
1662,ham,0,0
1663,spam,0,0
1664,ham,0,0
1665,ham,0,0
1666,ham,0,0
1667,ham,0,0
1668,ham,0,0
1669,ham,0,0
1670,ham,0,0
1671,ham,0,0
1672,ham,0,0
1673,spam,0,0
1674,spam,0,0
1675,ham,0,0
1676,ham,0,0
1677,ham,0,0
1678,ham,0,0
1679,ham,0,0
1680,ham,0,0
1681,ham,0,0
1682,ham,0,0
1683,ham,0,0
1684,ham,0,0
1685,ham,0,0
1686,ham,0,0
1687,spam,0,0
1688,spam,0,0
1689,ham,0,0
1690,ham,0,0
1691,spam,0,0
1692,ham,0,0
1693,ham,0,0
1694,ham,0,0
1695,ham,0,0
1696,ham,0,0
1697,ham,0,0
1698,ham,0,0
1699,spam,0,0
1700,ham,0,0
1701,ham,0,0
1702,ham,0,0
1703,ham,0,0
1704,ham,0,0
1705,ham,0,0
1706,ham,0,0
1707,ham,0,0
1708,ham,0,0
1709,ham,0,0
1710,ham,0,0
1711,ham,0,0
1712,ham,0,0
1713,ham,0,0
1714,spam,0,0
1715,ham,0,0
1716,ham,0,0
1717,ham,0,0
1718,spam,0,0
1719,ham,0,0
1720,ham,0,0
1721,ham,0,0
1722,ham,0,0
1723,ham,0,0
1724,ham,0,0
1725,ham,0,0
1726,ham,0,0
1727,ham,0,0
1728,ham,0,0
1729,ham,0,0
1730,ham,0,0
1731,ham,0,0
1732,ham,0,0
1733,ham,0,0
1734,spam,0,0
1735,ham,0,0
1736,ham,0,0
1737,ham,0,0
1738,ham,0,0
1739,ham,0,0
1740,ham,0,0
1741,spam,0,0
1742,ham,0,0
1743,ham,0,0
1744,ham,0,0
1745,spam,0,0
1746,ham,0,0
1747,ham,0,0
1748,ham,0,0
1749,ham,0,0
1750,ham,0,0
1751,ham,0,0
1752,ham,0,0
1753,ham,0,0
1754,ham,0,0
1755,ham,0,0
1756,ham,0,0
1757,ham,0,0
1758,ham,0,0
1759,ham,0,0
1760,ham,0,0
1761,ham,0,0
1762,ham,0,0
1763,ham,0,0
1764,ham,0,0
1765,spam,0,0
1766,ham,0,0
1767,spam,0,0
1768,ham,0,0
1769,ham,0,0
1770,ham,0,0
1771,ham,0,0
1772,ham,0,0
1773,ham,1,0
1774,ham,0,0
1775,ham,0,0
1776,ham,0,0
1777,spam,0,0
1778,spam,0,0
1779,ham,0,0
1780,spam,0,0
1781,spam,0,0
1782,ham,0,0
1783,ham,0,0
1784,ham,0,0
1785,ham,0,0
1786,ham,0,0
1787,ham,0,0
1788,ham,0,0
1789,ham,0,0
1790,ham,0,0
1791,ham,0,0
1792,ham,0,0
1793,spam,0,0
1794,ham,0,0
1795,ham,0,0
1796,ham,0,0
1797,ham,0,0
1798,ham,0,0
1799,ham,0,0
1800,ham,0,0
1801,ham,0,0
1802,ham,0,0
1803,ham,0,0
1804,ham,0,0
1805,ham,0,0
1806,ham,0,0
1807,spam,0,0
1808,ham,0,0
1809,ham,0,0
1810,ham,0,0
1811,ham,0,0
1812,ham,0,0
1813,ham,0,0
1814,ham,0,0
1815,ham,0,0
1816,ham,0,0
1817,ham,0,0
1818,ham,0,0
1819,ham,0,0
1820,ham,0,0
1821,ham,0,0
1822,ham,0,0
1823,ham,0,0
1824,ham,0,0
1825,ham,0,0
1826,ham,0,0
1827,ham,0,0
1828,ham,0,0
1829,ham,0,0
1830,spam,0,0
1831,ham,0,0
1832,ham,0,0
1833,ham,0,0
1834,ham,0,0
1835,ham,0,0
1836,ham,0,0
1837,ham,0,0
1838,ham,0,0
1839,spam,0,0
1840,ham,0,0
1841,ham,0,0
1842,ham,0,0
1843,ham,0,0
1844,ham,0,0
1845,ham,0,0
1846,ham,0,0
1847,ham,0,0
1848,spam,0,0
1849,ham,0,0
1850,ham,0,0
1851,ham,0,0
1852,ham,0,0
1853,spam,0,0
1854,ham,0,0
1855,ham,0,0
1856,ham,0,0
1857,ham,0,0
1858,ham,0,0
1859,ham,0,0
1860,ham,0,0
1861,ham,0,0
1862,ham,0,0
1863,ham,0,0
1864,ham,0,0
1865,ham,0,0
1866,ham,0,0
1867,ham,0,1
1868,ham,0,0
1869,ham,0,0
1870,ham,0,0
1871,ham,0,0
1872,ham,0,0
1873,ham,0,0
1874,spam,0,0
1875,spam,0,0
1876,spam,0,0
1877,ham,0,0
1878,ham,0,0
1879,ham,0,0
1880,spam,0,0
1881,ham,0,0
1882,ham,0,0
1883,ham,0,0
1884,ham,0,0
1885,ham,0,0
1886,ham,0,0
1887,spam,0,0
1888,spam,0,0
1889,ham,0,0
1890,ham,0,0
1891,ham,0,0
1892,ham,0,0
1893,spam,0,0
1894,ham,0,0
1895,spam,0,0
1896,ham,0,0
1897,ham,0,0
1898,ham,0,0
1899,ham,0,0
1900,ham,0,0
1901,ham,0,0
1902,ham,0,0
1903,ham,0,0
1904,spam,0,0
1905,ham,0,0
1906,ham,0,0
1907,ham,0,0
1908,ham,0,0
1909,ham,0,0
1910,ham,0,0
1911,ham,0,0
1912,ham,0,0
1913,ham,0,0
1914,ham,0,0
1915,spam,0,0
1916,ham,0,0
1917,ham,0,0
1918,ham,0,0
1919,ham,0,0
1920,ham,0,0
1921,ham,0,0
1922,ham,0,0
1923,ham,0,0
1924,ham,0,0
1925,ham,0,0
1926,ham,0,0
1927,ham,0,0
1928,ham,0,0
1929,spam,0,0
1930,spam,0,0
1931,ham,0,0
1932,ham,0,0
1933,ham,0,0
1934,ham,0,0
1935,ham,0,0
1936,ham,0,0
1937,ham,0,0
1938,ham,0,0
1939,ham,0,0
1940,spam,0,0
1941,ham,0,0
1942,spam,0,0
1943,ham,0,0
1944,ham,0,0
1945,ham,0,0
1946,ham,0,0
1947,ham,0,0
1948,ham,0,0
1949,ham,0,0
1950,ham,0,0
1951,ham,0,0
1952,ham,0,0
1953,ham,0,0
1954,ham,0,0
1955,ham,0,0
1956,ham,0,0
1957,ham,0,0
1958,ham,0,0
1959,ham,0,0
1960,ham,0,0
1961,spam,1,0
1962,ham,0,0
1963,spam,0,0
1964,ham,0,0
1965,ham,0,0
1966,ham,0,0
1967,ham,0,0
1968,ham,0,0
1969,ham,0,0
1970,spam,0,0
1971,ham,0,0
1972,ham,0,0
1973,ham,0,0
1974,ham,0,0
1975,ham,0,0
1976,ham,0,0
1977,ham,0,0
1978,spam,0,0
1979,ham,0,0
1980,ham,0,0
1981,ham,0,0
1982,ham,0,0
1983,ham,0,0
1984,ham,0,1
1985,spam,0,0
1986,ham,0,0
1987,ham,0,0
1988,ham,0,0
1989,ham,0,0
1990,ham,0,0
1991,ham,0,0
1992,ham,0,0
1993,spam,0,0
1994,ham,0,0
1995,ham,0,0
1996,ham,0,0
1997,ham,0,0
1998,ham,0,0
1999,ham,0,0
2000,ham,0,0
2001,ham,0,0
2002,ham,0,0
2003,spam,0,0
2004,ham,0,0
2005,ham,0,0
2006,ham,0,0
2007,ham,0,0
2008,ham,0,0
2009,ham,0,0
2010,ham,0,1
2011,ham,0,0
2012,ham,0,0
2013,ham,0,0
2014,spam,0,0
2015,ham,0,0
2016,ham,0,0
2017,ham,0,0
2018,ham,0,0
2019,ham,0,0
2020,ham,0,0
2021,ham,0,0
2022,ham,0,0
2023,spam,0,0
2024,ham,0,0
2025,ham,0,0
2026,ham,0,0
2027,ham,0,0
2028,ham,0,0
2029,ham,0,0
2030,ham,0,0
2031,ham,0,0
2032,ham,0,0
2033,ham,0,0
2034,ham,0,0
2035,ham,0,0
2036,ham,0,0
2037,ham,0,0
2038,ham,0,0
2039,ham,0,0
2040,ham,0,1
2041,ham,0,0
2042,ham,0,0
2043,ham,0,0
2044,spam,0,0
2045,ham,0,0
2046,ham,0,0
2047,ham,0,0
2048,ham,0,0
2049,ham,0,0
2050,ham,0,0
2051,ham,0,0
2052,ham,0,0
2053,spam,0,0
2054,ham,0,0
2055,ham,0,0
2056,ham,0,0
2057,ham,0,0
2058,ham,0,0
2059,ham,0,0
2060,ham,0,0
2061,ham,0,0
2062,ham,0,0
2063,ham,0,0
2064,spam,0,0
2065,ham,0,0
2066,ham,0,0
2067,ham,0,0
2068,ham,0,0
2069,ham,0,0
2070,spam,0,0
2071,spam,0,0
2072,ham,0,0
2073,ham,0,0
2074,spam,0,0
2075,ham,0,0
2076,ham,0,0
2077,ham,0,0
2078,ham,0,0
2079,spam,0,0
2080,ham,0,0
2081,ham,0,0
2082,ham,0,0
2083,ham,0,0
2084,ham,0,0
2085,ham,0,0
2086,ham,0,0
2087,ham,0,0
2088,ham,0,0
2089,spam,0,0
2090,ham,0,0
2091,ham,0,0
2092,ham,0,0
2093,ham,0,0
2094,spam,0,0
2095,spam,0,0
2096,ham,0,0
2097,ham,0,0
2098,ham,0,0
2099,ham,0,0
2100,spam,0,0
2101,ham,0,0
2102,ham,0,0
2103,ham,0,0
2104,ham,0,0
2105,ham,0,0
2106,ham,0,0
2107,ham,0,0
2108,ham,0,0
2109,spam,1,0
2110,ham,0,0
2111,ham,0,0
2112,ham,0,0
2113,spam,0,0
2114,ham,0,0
2115,spam,0,0
2116,ham,0,0
2117,ham,0,0
2118,ham,0,0
2119,spam,0,0
2120,ham,0,0
2121,ham,0,0
2122,ham,0,0
2123,ham,0,0
2124,spam,0,0
2125,ham,0,0
2126,ham,0,0
2127,ham,0,0
2128,ham,0,0
2129,ham,0,0
2130,ham,0,0
2131,ham,0,0
2132,ham,0,0
2133,spam,0,0
2134,ham,0,0
2135,ham,0,0
2136,ham,0,0
2137,ham,0,0
2138,ham,0,0
2139,ham,0,0
2140,ham,0,0
2141,ham,0,0
2142,ham,0,0
2143,ham,0,0
2144,ham,0,0
2145,spam,0,0
2146,spam,0,0
2147,ham,0,0
2148,ham,0,0
2149,ham,0,0
2150,ham,0,0
2151,ham,0,0
2152,ham,0,0
2153,ham,0,0
2154,ham,0,1
2155,ham,0,0
2156,ham,0,0
2157,ham,0,0
2158,ham,1,0
2159,ham,0,0
2160,spam,0,0
2161,ham,0,0
2162,ham,0,0
2163,ham,0,0
2164,ham,0,0
2165,ham,0,0
2166,ham,0,0
2167,ham,0,0
2168,ham,0,0
2169,ham,0,0
2170,spam,0,0
2171,ham,0,0
2172,ham,0,0
2173,ham,0,0
2174,ham,0,0
2175,ham,0,0
2176,ham,0,0
2177,ham,0,0
2178,ham,0,0
2179,ham,0,0
2180,ham,0,0
2181,ham,0,0
2182,ham,0,0
2183,ham,0,0
2184,ham,0,0
2185,ham,0,0
2186,ham,0,0
2187,ham,0,0
2188,ham,0,0
2189,spam,0,0
2190,ham,0,0
2191,ham,0,0
2192,ham,0,0
2193,ham,0,0
2194,ham,0,0
2195,ham,0,0
2196,ham,0,0
2197,ham,0,0
2198,ham,0,0
2199,ham,0,0
2200,ham,0,0
2201,ham,0,0
2202,ham,0,0
2203,ham,0,0
2204,ham,0,0
2205,ham,0,0
2206,ham,0,0
2207,spam,0,0
2208,ham,0,1
2209,spam,0,0
2210,ham,0,0
2211,ham,0,0
2212,ham,0,0
2213,ham,0,0
2214,ham,0,0
2215,ham,0,0
2216,ham,0,0
2217,ham,0,1
2218,ham,0,0
2219,ham,0,0
2220,spam,0,0
2221,ham,0,0
2222,ham,0,0
2223,ham,0,0
2224,spam,0,0
2225,ham,0,0
2226,ham,0,0
2227,ham,0,0
2228,ham,0,0
2229,ham,0,0
2230,ham,0,0
2231,ham,0,0
2232,ham,0,0
2233,ham,0,0
2234,ham,0,0
2235,ham,0,0
2236,ham,0,0
2237,ham,0,0
2238,ham,0,0
2239,ham,0,0
2240,ham,0,0
2241,ham,0,0
2242,ham,0,1
2243,ham,0,0
2244,ham,0,0
2245,ham,0,0
2246,ham,0,0
2247,spam,0,0
2248,spam,1,0
2249,ham,0,0
2250,spam,0,0
2251,ham,0,0
2252,ham,0,0
2253,ham,0,0
2254,ham,0,0
2255,ham,0,0
2256,ham,0,0
2257,ham,0,0
2258,ham,0,0
2259,ham,0,0
2260,ham,0,0
2261,spam,0,0
2262,ham,0,0
2263,ham,0,0
2264,spam,0,0
2265,ham,0,0
2266,ham,0,0
2267,spam,0,0
2268,ham,0,0
2269,spam,0,0
2270,ham,0,0
2271,ham,0,0
2272,ham,0,0
2273,ham,0,0
2274,ham,0,0
2275,ham,0,0
2276,ham,0,0
2277,ham,0,0
2278,ham,0,0
2279,ham,0,0
2280,ham,0,0
2281,ham,0,0
2282,ham,0,0
2283,ham,0,0
2284,ham,0,0
2285,ham,0,0
2286,ham,0,0
2287,ham,0,0
2288,ham,0,0
2289,ham,0,0
2290,spam,0,0
2291,ham,0,0
2292,ham,0,0
2293,ham,0,0
2294,ham,0,0
2295,spam,0,0
2296,ham,0,0
2297,spam,0,0
2298,ham,0,0
2299,ham,0,0
2300,spam,0,0
2301,ham,0,1
2302,ham,0,0
2303,ham,0,0
2304,ham,0,0
2305,ham,0,0
2306,ham,0,0
2307,ham,0,0
2308,spam,0,0
2309,spam,0,0
2310,ham,0,0
2311,spam,0,0
2312,spam,0,0
2313,spam,0,0
2314,ham,0,0
2315,ham,0,0
2316,ham,0,0
2317,ham,0,0
2318,ham,0,0
2319,ham,0,0
2320,ham,0,0
2321,ham,0,0
2322,ham,0,0
2323,ham,0,0
2324,ham,0,0
2325,ham,0,0
2326,ham,0,0
2327,ham,0,0
2328,spam,0,0
2329,ham,0,0
2330,ham,0,1
2331,ham,0,0
2332,ham,0,0
2333,ham,0,0
2334,ham,0,0
2335,ham,0,0
2336,ham,0,0
2337,ham,0,0
2338,ham,0,0
2339,ham,0,0
2340,ham,0,0
2341,ham,0,0
2342,ham,0,0
2343,spam,0,0
2344,ham,0,0
2345,ham,0,0
2346,ham,0,0
2347,ham,0,0
2348,ham,0,0
2349,ham,0,0
2350,ham,0,0
2351,ham,0,0
2352,spam,0,0
2353,ham,0,0
2354,spam,0,0
2355,ham,0,0
2356,ham,0,0
2357,ham,0,0
2358,ham,0,0
2359,ham,0,0
2360,spam,0,0
2361,ham,0,0
2362,ham,0,0
2363,ham,0,0
2364,spam,0,0
2365,ham,0,0
2366,ham,0,0
2367,spam,0,0
2368,ham,0,0
2369,ham,0,0
2370,ham,0,0
2371,ham,0,0
2372,ham,0,0
2373,ham,0,0
2374,spam,0,0
2375,ham,0,0
2376,ham,0,0
2377,ham,0,0
2378,spam,0,0
2379,ham,0,0
2380,ham,0,0
2381,ham,0,0
2382,ham,0,0
2383,ham,0,0
2384,ham,0,0
2385,ham,0,0
2386,spam,0,0
2387,ham,0,0
2388,ham,0,0
2389,ham,0,0
2390,ham,0,0
2391,ham,0,0
2392,ham,0,0
2393,ham,0,0
2394,ham,0,0
2395,ham,0,0
2396,ham,0,0
2397,ham,0,0
2398,ham,0,0
2399,ham,0,0
2400,ham,0,0
2401,ham,0,0
2402,spam,1,0
2403,ham,0,0
2404,ham,0,0
2405,ham,0,0
2406,ham,0,0
2407,ham,0,0
2408,ham,0,0
2409,ham,0,0
2410,ham,0,0
2411,ham,0,0
2412,ham,0,0
2413,spam,0,0
2414,ham,0,0
2415,ham,0,0
2416,ham,0,0
2417,ham,0,0
2418,ham,0,0
2419,ham,0,0
2420,spam,0,0
2421,ham,0,0
2422,ham,0,0
2423,ham,0,0
2424,ham,0,0
2425,ham,0,0
2426,ham,0,0
2427,spam,0,0
2428,ham,0,0
2429,ham,0,0
2430,spam,0,0
2431,ham,0,0
2432,ham,0,0
2433,ham,0,0
2434,ham,0,0
2435,ham,0,0
2436,ham,0,0
2437,ham,0,0
2438,spam,0,0
2439,ham,0,0
2440,ham,0,0
2441,ham,0,0
2442,ham,0,0
2443,ham,0,0
2444,ham,0,0
2445,ham,0,0
2446,ham,0,0
2447,ham,0,0
2448,ham,0,0
2449,ham,0,0
2450,ham,0,0
2451,ham,0,0
2452,ham,0,0
2453,ham,0,0
2454,ham,0,0
2455,ham,0,0
2456,ham,0,0
2457,ham,0,0
2458,ham,0,0
2459,ham,0,0
2460,ham,0,0
2461,ham,0,0
2462,ham,0,0
2463,ham,0,0
2464,ham,0,0
2465,ham,0,0
2466,ham,0,0
2467,ham,0,0
2468,ham,0,0
2469,ham,0,0
2470,ham,0,0
2471,ham,0,0
2472,ham,0,0
2473,spam,0,0
2474,ham,0,0
2475,ham,0,0
2476,ham,0,0
2477,ham,0,0
2478,ham,0,0
2479,ham,0,0
2480,spam,0,0
2481,spam,0,0
2482,ham,0,0
2483,ham,0,0
2484,ham,0,0
2485,ham,0,0
2486,ham,0,0
2487,ham,0,0
2488,ham,0,0
2489,ham,0,0
2490,ham,0,0
2491,ham,0,0
2492,ham,0,0
2493,ham,0,0
2494,ham,0,0
2495,ham,0,0
2496,spam,0,0
2497,ham,0,0
2498,ham,0,0
2499,ham,0,0
2500,ham,0,0
2501,ham,0,0
2502,ham,0,0
2503,ham,0,0
2504,ham,0,0
2505,ham,0,0
2506,ham,0,0
2507,ham,0,0
2508,ham,0,0
2509,ham,0,0
2510,ham,0,0
2511,ham,0,0
2512,ham,0,0
2513,ham,0,0
2514,spam,0,0
2515,ham,0,0
2516,ham,0,0
2517,ham,0,0
2518,ham,0,0
2519,ham,0,0
2520,ham,0,0
2521,ham,0,0
2522,ham,0,0
2523,ham,0,0
2524,ham,0,0
2525,spam,0,0
2526,ham,0,0
2527,ham,0,0
2528,ham,0,0
2529,ham,0,0
2530,ham,0,0
2531,ham,0,0
2532,ham,0,0
2533,ham,0,0
2534,ham,0,0
2535,ham,0,0
2536,ham,0,0
2537,ham,0,0
2538,ham,0,0
2539,ham,0,0
2540,ham,0,0
2541,ham,0,0
2542,ham,0,0
2543,ham,0,0
2544,ham,0,0
2545,ham,0,0
2546,ham,0,0
2547,ham,0,0
2548,spam,0,0
2549,ham,0,0
2550,ham,0,0
2551,ham,0,0
2552,ham,0,0
2553,ham,0,0
2554,ham,0,0
2555,ham,0,0
2556,spam,0,0
2557,ham,0,0
2558,spam,0,0
2559,ham,0,0
2560,ham,0,0
2561,ham,0,0
2562,ham,0,0
2563,ham,0,0
2564,ham,0,0
2565,ham,0,0
2566,ham,0,0
2567,ham,0,0
2568,ham,0,0
2569,ham,0,0
2570,ham,0,0
2571,ham,0,0
2572,ham,0,0
2573,ham,0,0
2574,spam,0,0
2575,spam,0,0
2576,ham,0,0
2577,ham,0,0
2578,ham,0,0
2579,ham,0,0
2580,ham,0,0
2581,spam,0,0
2582,ham,0,0
2583,spam,0,0
2584,ham,0,0
2585,ham,0,0
2586,ham,0,0
2587,ham,0,0
2588,ham,0,0
2589,ham,0,0
2590,spam,1,0
2591,ham,0,0
2592,ham,0,0
2593,ham,0,0
2594,ham,0,0
2595,ham,0,0
2596,spam,0,0
2597,ham,0,0
2598,ham,0,0
2599,ham,0,0
2600,ham,0,0
2601,ham,0,0
2602,ham,0,0
2603,ham,0,0
2604,ham,0,0
2605,ham,0,0
2606,ham,0,0
2607,ham,0,0
2608,ham,0,0
2609,ham,0,0
2610,ham,0,0
2611,ham,0,0
2612,spam,0,0
2613,ham,0,0
2614,ham,0,0
2615,ham,0,0
2616,ham,0,0
2617,ham,0,0
2618,ham,0,0
2619,ham,0,0
2620,spam,0,0
2621,ham,0,0
2622,ham,0,0
2623,ham,0,0
2624,ham,0,0
2625,ham,0,0
2626,spam,0,0
2627,ham,0,0
2628,ham,0,0
2629,ham,0,0
2630,ham,0,0
2631,ham,0,0
2632,spam,0,0
2633,ham,0,0
2634,ham,0,0
2635,ham,0,0
2636,ham,0,0
2637,ham,0,0
2638,ham,0,0
2639,ham,0,0
2640,ham,0,0
2641,ham,0,0
2642,spam,0,0
2643,ham,0,0
2644,ham,0,0
2645,ham,0,0
2646,ham,0,0
2647,ham,0,0
2648,ham,0,0
2649,ham,0,0
2650,ham,0,0
2651,ham,0,0
2652,ham,0,0
2653,ham,0,0
2654,ham,0,0
2655,ham,0,0
2656,ham,0,0
2657,ham,0,0
2658,ham,0,0
2659,ham,0,0
2660,ham,0,0
2661,ham,0,0
2662,ham,0,0
2663,spam,1,0
2664,spam,0,0
2665,ham,0,0
2666,ham,0,0
2667,ham,0,0
2668,ham,0,0
2669,spam,0,0
2670,spam,0,0
2671,ham,0,0
2672,ham,0,0
2673,ham,0,0
2674,ham,0,0
2675,ham,0,0
2676,ham,0,0
2677,ham,0,0
2678,ham,0,0
2679,ham,0,0
2680,spam,0,0
2681,ham,0,0
2682,ham,0,0
2683,ham,0,0
2684,ham,0,0
2685,ham,0,0
2686,spam,0,0
2687,ham,0,0
2688,ham,0,0
2689,ham,0,0
2690,ham,0,0
2691,spam,0,0
2692,ham,0,0
2693,spam,0,0
2694,ham,0,0
2695,ham,1,0
2696,ham,0,0
2697,ham,0,0
2698,ham,0,0
2699,spam,0,0
2700,ham,0,0
2701,ham,0,0
2702,ham,0,0
2703,ham,0,0
2704,ham,0,0
2705,spam,0,0
2706,ham,0,0
2707,ham,0,0
2708,spam,0,0
2709,ham,0,0
2710,ham,0,0
2711,spam,0,0
2712,ham,0,0
2713,ham,0,0
2714,ham,0,0
2715,ham,0,0
2716,ham,0,0
2717,ham,0,0
2718,ham,0,0
2719,spam,0,0
2720,ham,0,2
2721,ham,0,0
2722,ham,0,0
2723,ham,0,0
2724,ham,0,0
2725,ham,0,0
2726,ham,0,0
2727,ham,0,0
2728,ham,0,0
2729,spam,0,0
2730,spam,0,0
2731,ham,0,0
2732,ham,0,0
2733,ham,0,0
2734,ham,0,0
2735,ham,0,0
2736,ham,0,0
2737,ham,0,0
2738,ham,0,0
2739,ham,0,0
2740,ham,0,0
2741,ham,0,0
2742,spam,0,0
2743,ham,0,0
2744,ham,0,0
2745,ham,0,0
2746,ham,0,0
2747,ham,0,0
2748,ham,0,0
2749,ham,0,0
2750,ham,0,0
2751,ham,0,0
2752,ham,0,0
2753,ham,0,0
2754,ham,0,0
2755,ham,0,0
2756,ham,0,0
2757,ham,0,0
2758,ham,0,0
2759,ham,0,0
2760,ham,0,0
2761,ham,0,0
2762,ham,0,0
2763,ham,0,0
2764,ham,0,0
2765,ham,0,0
2766,ham,0,0
2767,spam,0,0
2768,ham,0,0
2769,ham,0,0
2770,spam,0,0
2771,ham,0,0
2772,ham,0,0
2773,ham,0,0
2774,spam,0,0
2775,ham,0,0
2776,ham,0,0
2777,ham,0,0
2778,ham,0,0
2779,spam,0,0
2780,ham,0,0
2781,ham,0,0
2782,ham,0,0
2783,ham,0,0
2784,ham,0,0
2785,ham,0,0
2786,ham,0,0
2787,ham,0,0
2788,ham,0,0
2789,ham,0,1
2790,ham,0,0
2791,spam,0,0
2792,ham,0,0
2793,ham,0,0
2794,ham,0,0
2795,ham,0,0
2796,ham,0,0
2797,ham,0,0
2798,ham,0,0
2799,ham,0,0
2800,ham,0,0
2801,ham,0,0
2802,ham,0,0
2803,ham,0,0
2804,spam,0,0
2805,ham,0,0
2806,ham,0,0
2807,ham,0,0
2808,spam,0,0
2809,ham,0,0
2810,ham,0,0
2811,ham,0,0
2812,ham,0,0
2813,ham,0,0
2814,ham,0,0
2815,ham,0,0
2816,ham,0,0
2817,ham,0,0
2818,spam,0,0
2819,ham,0,0
2820,ham,0,0
2821,spam,0,0
2822,ham,0,0
2823,spam,0,0
2824,ham,0,0
2825,ham,0,1
2826,spam,0,0
2827,ham,0,0
2828,ham,0,0
2829,ham,0,0
2830,spam,0,0
2831,ham,0,0
2832,ham,0,0
2833,ham,0,0
2834,spam,0,0
2835,ham,0,0
2836,ham,0,0
2837,ham,0,0
2838,ham,0,0
2839,ham,0,0
2840,ham,0,0
2841,ham,0,0
2842,ham,0,0
2843,ham,0,0
2844,ham,0,0
2845,ham,0,0
2846,ham,0,0
2847,ham,0,0
2848,spam,0,0
2849,ham,1,0
2850,spam,0,0
2851,ham,0,0
2852,ham,0,0
2853,ham,0,0
2854,ham,0,0
2855,ham,0,0
2856,ham,0,0
2857,ham,0,0
2858,ham,0,0
2859,ham,0,0
2860,ham,0,0
2861,ham,0,0
2862,ham,0,0
2863,spam,0,0
2864,ham,0,0
2865,ham,0,0
2866,ham,0,0
2867,ham,0,0
2868,ham,0,0
2869,ham,0,0
2870,ham,0,0
2871,spam,0,0
2872,ham,0,0
2873,ham,0,0
2874,ham,0,0
2875,ham,0,0
2876,ham,0,0
2877,ham,0,0
2878,ham,0,0
2879,spam,0,0
2880,ham,0,0
2881,spam,0,0
2882,ham,0,0
2883,ham,0,0
2884,ham,0,0
2885,ham,0,0
2886,ham,0,0
2887,ham,0,0
2888,ham,0,0
2889,ham,0,0
2890,ham,0,0
2891,ham,0,0
2892,ham,0,0
2893,ham,0,0
2894,ham,0,0
2895,ham,0,0
2896,ham,0,0
2897,spam,0,0
2898,ham,0,0
2899,ham,0,0
2900,ham,0,0
2901,ham,0,0
2902,spam,0,0
2903,ham,0,0
2904,ham,0,0
2905,ham,0,0
2906,ham,0,0
2907,ham,0,0
2908,ham,0,0
2909,ham,0,0
2910,spam,0,0
2911,ham,0,0
2912,ham,0,0
2913,ham,0,0
2914,ham,0,0
2915,spam,0,0
2916,ham,0,0
2917,ham,0,0
2918,ham,0,0
2919,ham,0,0
2920,ham,0,0
2921,ham,0,0
2922,ham,0,0
2923,ham,0,0
2924,ham,0,0
2925,ham,0,0
2926,ham,0,0
2927,ham,0,0
2928,ham,0,0
2929,ham,0,0
2930,ham,0,0
2931,ham,0,0
2932,ham,0,0
2933,ham,0,0
2934,ham,0,1
2935,ham,0,0
2936,ham,0,0
2937,ham,0,0
2938,ham,0,0
2939,ham,0,0
2940,ham,0,0
2941,spam,0,0
2942,ham,0,0
2943,ham,0,0
2944,ham,0,0
2945,spam,0,0
2946,ham,0,0
2947,ham,0,0
2948,ham,0,0
2949,ham,0,0
2950,ham,0,0
2951,ham,0,0
2952,ham,0,0
2953,ham,0,0
2954,spam,0,0
2955,ham,0,0
2956,ham,0,0
2957,ham,0,0
2958,ham,0,0
2959,spam,0,0
2960,ham,0,0
2961,ham,0,0
2962,ham,0,0
2963,ham,0,0
2964,ham,0,0
2965,spam,0,0
2966,ham,0,0
2967,ham,0,0
2968,ham,0,0
2969,ham,0,0
2970,ham,0,0
2971,ham,0,0
2972,ham,0,0
2973,ham,0,0
2974,ham,0,0
2975,ham,0,0
2976,ham,0,0
2977,ham,0,0
2978,ham,0,0
2979,ham,0,0
2980,spam,0,0
2981,ham,0,0
2982,ham,0,0
2983,ham,0,0
2984,ham,0,0
2985,ham,0,0
2986,ham,0,0
2987,spam,0,0
2988,ham,0,0
2989,ham,0,0
2990,spam,0,0
2991,ham,0,0
2992,spam,0,0
2993,ham,0,0
2994,ham,0,1
2995,ham,0,0
2996,ham,0,0
2997,ham,0,0
2998,ham,0,0
2999,ham,0,0
3000,ham,0,0
3001,ham,0,0
3002,spam,0,0
3003,ham,0,0
3004,ham,0,0
3005,spam,0,0
3006,ham,0,0
3007,ham,0,0
3008,ham,0,0
3009,spam,0,0
3010,spam,0,0
3011,ham,0,0
3012,ham,0,0
3013,ham,0,0
3014,spam,0,0
3015,ham,0,0
3016,ham,0,0
3017,ham,0,0
3018,ham,0,0
3019,ham,0,0
3020,ham,0,0
3021,ham,0,0
3022,ham,0,0
3023,ham,0,0
3024,ham,0,0
3025,ham,0,0
3026,ham,0,0
3027,ham,0,0
3028,ham,0,0
3029,ham,0,0
3030,ham,0,0
3031,ham,0,0
3032,ham,0,0
3033,ham,0,0
3034,ham,0,0
3035,ham,0,0
3036,ham,0,0
3037,ham,0,0
3038,ham,0,0
3039,ham,0,0
3040,ham,0,0
3041,ham,0,0
3042,ham,0,0
3043,ham,0,0
3044,ham,0,0
3045,ham,0,0
3046,ham,0,0
3047,ham,0,0
3048,ham,0,0
3049,ham,0,0
3050,ham,0,0
3051,ham,0,0
3052,ham,0,0
3053,ham,0,0
3054,ham,0,0
3055,ham,0,0
3056,spam,0,0
3057,ham,0,0
3058,ham,0,0
3059,spam,1,0
3060,ham,0,0
3061,ham,0,0
3062,ham,0,0
3063,ham,0,0
3064,spam,0,0
3065,ham,0,1
3066,ham,0,0
3067,spam,0,0
3068,ham,0,0
3069,ham,0,0
3070,ham,0,0
3071,ham,0,0
3072,ham,0,0
3073,ham,0,1
3074,ham,0,0
3075,ham,0,0
3076,ham,0,0
3077,ham,0,0
3078,ham,0,0
3079,ham,0,0
3080,ham,0,0
3081,ham,0,0
3082,ham,0,0
3083,ham,0,0
3084,ham,0,0
3085,ham,0,0
3086,ham,0,0
3087,ham,0,0
3088,ham,0,0
3089,ham,0,0
3090,ham,0,0
3091,ham,0,0
3092,spam,0,0
3093,ham,0,0
3094,ham,0,0
3095,ham,0,0
3096,ham,0,0
3097,ham,0,0
3098,ham,0,0
3099,ham,0,0
3100,ham,0,0
3101,ham,0,0
3102,ham,0,0
3103,ham,0,0
3104,ham,0,0
3105,ham,0,0
3106,ham,0,0
3107,ham,0,0
3108,ham,0,0
3109,ham,0,0
3110,ham,0,0
3111,spam,0,0
3112,ham,0,0
3113,ham,0,0
3114,ham,0,0
3115,ham,0,0
3116,ham,0,0
3117,ham,0,0
3118,ham,0,0
3119,ham,0,0
3120,ham,0,0
3121,ham,0,0
3122,ham,0,0
3123,spam,0,0
3124,ham,0,0
3125,ham,0,0
3126,spam,0,0
3127,ham,0,0
3128,ham,1,0
3129,ham,0,0
3130,ham,0,0
3131,ham,0,0
3132,spam,0,0
3133,ham,0,0
3134,ham,0,0
3135,ham,0,0
3136,ham,0,0
3137,ham,0,0
3138,ham,0,0
3139,ham,0,0
3140,ham,0,0
3141,spam,2,0
3142,ham,0,0
3143,ham,0,0
3144,ham,0,0
3145,ham,0,0
3146,ham,0,0
3147,ham,0,0
3148,ham,0,0
3149,ham,0,0
3150,ham,0,0
3151,ham,0,0
3152,ham,0,0
3153,spam,0,0
3154,ham,0,0
3155,spam,0,0
3156,ham,0,0
3157,ham,0,0
3158,ham,0,0
3159,ham,0,0
3160,ham,0,0
3161,ham,0,0
3162,ham,0,0
3163,ham,0,0
3164,spam,0,0
3165,ham,0,0
3166,ham,0,0
3167,spam,0,0
3168,ham,0,0
3169,ham,0,0
3170,ham,0,0
3171,ham,0,0
3172,ham,0,0
3173,ham,0,0
3174,spam,0,0
3175,ham,0,0
3176,spam,0,0
3177,ham,0,0
3178,ham,0,0
3179,ham,0,0
3180,ham,0,0
3181,ham,0,0
3182,ham,0,0
3183,ham,0,0
3184,ham,0,0
3185,ham,0,0
3186,ham,0,0
3187,ham,0,0
3188,ham,0,0
3189,spam,0,0
3190,ham,0,0
3191,ham,0,0
3192,spam,0,0
3193,ham,0,0
3194,ham,0,0
3195,ham,0,0
3196,ham,0,0
3197,ham,0,0
3198,ham,0,0
3199,ham,0,0
3200,ham,0,0
3201,ham,0,0
3202,ham,0,0
3203,ham,0,0
3204,ham,0,0
3205,ham,0,0
3206,ham,0,0
3207,ham,0,0
3208,ham,0,0
3209,ham,0,0
3210,ham,0,0
3211,ham,1,0
3212,ham,0,0
3213,ham,0,0
3214,ham,0,0
3215,ham,0,0
3216,ham,0,0
3217,spam,0,0
3218,ham,0,0
3219,ham,0,0
3220,ham,0,0
3221,ham,0,0
3222,spam,0,0
3223,ham,0,0
3224,ham,0,0
3225,ham,0,0
3226,ham,0,0
3227,ham,0,0
3228,ham,0,0
3229,spam,0,0
3230,spam,0,0
3231,ham,0,0
3232,ham,0,0
3233,ham,0,0
3234,ham,0,0
3235,ham,0,0
3236,ham,0,0
3237,ham,0,0
3238,ham,0,0
3239,ham,0,0
3240,ham,0,0
3241,ham,0,0
3242,ham,0,0
3243,ham,0,0
3244,ham,0,0
3245,ham,0,0
3246,ham,0,0
3247,ham,0,0
3248,ham,0,0
3249,ham,0,0
3250,ham,0,0
3251,ham,0,0
3252,ham,0,0
3253,ham,0,0
3254,ham,0,0
3255,ham,0,0
3256,ham,0,0
3257,ham,0,0
3258,ham,0,0
3259,ham,0,0
3260,spam,0,0
3261,ham,0,0
3262,ham,0,0
3263,ham,0,0
3264,ham,0,0
3265,ham,0,0
3266,spam,0,0
3267,ham,0,0
3268,ham,0,0
3269,ham,0,0
3270,ham,0,0
3271,ham,0,0
3272,spam,0,0
3273,ham,0,0
3274,ham,0,0
3275,ham,0,0
3276,ham,0,0
3277,ham,0,0
3278,ham,0,0
3279,ham,0,0
3280,ham,0,0
3281,ham,0,0
3282,ham,0,0
3283,ham,0,0
3284,ham,0,0
3285,ham,0,0
3286,ham,0,0
3287,ham,0,0
3288,ham,0,0
3289,spam,0,0
3290,spam,0,0
3291,ham,0,0
3292,ham,0,0
3293,ham,0,0
3294,ham,0,0
3295,ham,0,0
3296,ham,0,0
3297,ham,0,0
3298,spam,0,0
3299,spam,0,0
3300,ham,0,0
3301,ham,0,0
3302,spam,0,0
3303,ham,0,0
3304,ham,0,0
3305,ham,0,0
3306,ham,0,0
3307,ham,0,0
3308,ham,0,0
3309,ham,0,0
3310,ham,0,0
3311,ham,0,0
3312,ham,0,0
3313,ham,0,0
3314,ham,0,0
3315,ham,0,0
3316,spam,0,0
3317,ham,0,0
3318,ham,0,0
3319,ham,0,0
3320,ham,0,0
3321,ham,0,0
3322,ham,0,0
3323,ham,0,0
3324,ham,1,0
3325,ham,0,0
3326,ham,0,0
3327,ham,0,0
3328,ham,0,0
3329,ham,0,0
3330,ham,0,0
3331,ham,0,0
3332,ham,0,0
3333,ham,0,0
3334,spam,0,0
3335,ham,0,0
3336,ham,0,0
3337,ham,0,0
3338,ham,0,0
3339,ham,0,0
3340,ham,0,0
3341,ham,0,0
3342,ham,0,0
3343,ham,0,0
3344,ham,0,0
3345,ham,0,0
3346,ham,0,0
3347,ham,0,0
3348,ham,0,0
3349,ham,0,0
3350,ham,0,0
3351,ham,0,0
3352,ham,0,0
3353,ham,0,0
3354,ham,0,0
3355,ham,0,0
3356,ham,0,0
3357,ham,0,0
3358,ham,0,0
3359,ham,0,0
3360,spam,0,0
3361,ham,0,0
3362,ham,0,0
3363,ham,0,0
3364,ham,0,0
3365,ham,0,0
3366,ham,0,0
3367,ham,0,0
3368,ham,0,0
3369,ham,0,0
3370,ham,0,0
3371,ham,0,0
3372,ham,0,0
3373,ham,0,0
3374,ham,0,0
3375,ham,0,0
3376,ham,0,0
3377,ham,0,0
3378,ham,0,0
3379,ham,0,0
3380,ham,0,0
3381,ham,0,0
3382,spam,0,0
3383,ham,0,0
3384,ham,0,0
3385,spam,0,0
3386,ham,0,0
3387,ham,0,0
3388,ham,0,0
3389,ham,0,0
3390,ham,0,0
3391,spam,0,0
3392,ham,0,0
3393,ham,0,0
3394,ham,0,0
3395,ham,0,0
3396,ham,0,1
3397,spam,0,0
3398,ham,0,0
3399,ham,0,0
3400,ham,0,0
3401,spam,0,0
3402,ham,0,0
3403,ham,0,0
3404,ham,0,0
3405,ham,0,0
3406,ham,0,0
3407,ham,0,0
3408,ham,0,0
3409,spam,0,0
3410,ham,0,0
3411,ham,0,0
3412,ham,0,0
3413,ham,0,0
3414,ham,0,0
3415,ham,0,0
3416,ham,0,0
3417,ham,0,0
3418,ham,0,0
3419,spam,0,0
3420,spam,0,0
3421,spam,0,0
3422,spam,0,0
3423,spam,0,0
3424,spam,0,0
3425,spam,0,0
3426,ham,0,0
3427,ham,0,0
3428,ham,0,0
3429,ham,0,0
3430,ham,0,0
3431,ham,0,0
3432,ham,0,0
3433,spam,0,0
3434,ham,0,0
3435,ham,0,0
3436,ham,0,0
3437,ham,0,0
3438,ham,0,0
3439,ham,0,0
3440,ham,0,0
3441,ham,0,0
3442,spam,0,0
3443,spam,0,0
3444,ham,0,0
3445,ham,0,0
3446,ham,0,0
3447,ham,0,0
3448,ham,0,0
3449,ham,0,0
3450,ham,0,0
3451,ham,0,0
3452,ham,0,0
3453,ham,0,0
3454,ham,0,0
3455,ham,0,0
3456,ham,0,0
3457,ham,0,0
3458,ham,0,0
3459,ham,0,0
3460,spam,0,0
3461,ham,0,0
3462,ham,0,0
3463,spam,0,0
3464,ham,0,0
3465,ham,0,0
3466,ham,0,0
3467,ham,0,0
3468,spam,0,0
3469,ham,0,0
3470,ham,0,0
3471,ham,0,0
3472,ham,0,0
3473,ham,0,0
3474,ham,0,0
3475,ham,0,0
3476,ham,0,0
3477,ham,0,0
3478,ham,0,0
3479,ham,0,0
3480,ham,0,0
3481,ham,0,0
3482,ham,0,0
3483,spam,0,0
3484,ham,0,0
3485,ham,0,0
3486,ham,0,1
3487,ham,0,0
3488,ham,0,0
3489,ham,0,0
3490,ham,0,0
3491,ham,0,0
3492,ham,0,0
3493,ham,0,0
3494,ham,0,0
3495,spam,0,0
3496,spam,0,0
3497,ham,0,0
3498,ham,0,0
3499,ham,0,0
3500,ham,0,0
3501,spam,0,0
3502,ham,0,0
3503,ham,0,0
3504,ham,0,0
3505,ham,0,0
3506,ham,0,0
3507,ham,0,0
3508,ham,0,0
3509,ham,0,0
3510,ham,0,0
3511,ham,0,0
3512,ham,0,0
3513,ham,0,0
3514,ham,0,0
3515,ham,0,0
3516,ham,0,0
3517,ham,0,0
3518,ham,0,0
3519,ham,0,0
3520,ham,0,0
3521,ham,0,0
3522,ham,0,0
3523,ham,0,0
3524,ham,0,0
3525,ham,0,0
3526,ham,0,0
3527,ham,0,0
3528,ham,0,0
3529,spam,0,0
3530,spam,0,0
3531,ham,0,0
3532,ham,0,0
3533,ham,0,0
3534,ham,0,0
3535,ham,0,0
3536,ham,0,0
3537,ham,0,0
3538,ham,0,0
3539,ham,0,0
3540,ham,0,0
3541,ham,0,0
3542,ham,0,0
3543,ham,0,0
3544,ham,0,0
3545,ham,0,0
3546,ham,0,0
3547,ham,0,0
3548,spam,0,0
3549,ham,0,0
3550,ham,0,0
3551,ham,0,0
3552,ham,0,0
3553,ham,0,0
3554,ham,0,0
3555,ham,0,0
3556,spam,0,0
3557,ham,0,0
3558,ham,0,0
3559,ham,0,0
3560,spam,0,0
3561,ham,0,0
3562,spam,0,0
3563,ham,0,0
3564,spam,0,0
3565,ham,0,0
3566,ham,0,0
3567,ham,0,0
3568,spam,0,0
3569,ham,0,0
3570,ham,0,0
3571,spam,0,0
3572,ham,0,0
3573,ham,0,0
3574,spam,0,0
3575,ham,0,0
3576,ham,0,0
3577,ham,0,0
3578,ham,0,0
3579,ham,0,0
3580,ham,0,0
3581,ham,0,0
3582,ham,0,0
3583,ham,0,0
3584,ham,0,0
3585,spam,0,0
3586,ham,0,0
3587,spam,0,0
3588,ham,0,0
3589,ham,0,0
3590,ham,0,1
3591,ham,0,0
3592,ham,0,0
3593,ham,0,0
3594,ham,0,0
3595,spam,0,0
3596,ham,0,0
3597,ham,0,0
3598,spam,0,0
3599,ham,0,0
3600,ham,0,0
3601,ham,0,0
3602,ham,0,0
3603,ham,0,0
3604,ham,0,0
3605,ham,0,0
3606,ham,0,0
3607,ham,0,0
3608,ham,0,0
3609,ham,0,0
3610,ham,0,0
3611,ham,0,0
3612,ham,0,0
3613,ham,0,0
3614,ham,0,0
3615,ham,0,0
3616,ham,0,0
3617,ham,0,0
3618,ham,0,0
3619,ham,0,0
3620,spam,0,0
3621,ham,0,0
3622,ham,0,0
3623,ham,0,0
3624,ham,0,0
3625,ham,0,0
3626,ham,0,0
3627,ham,0,0
3628,ham,0,0
3629,ham,0,0
3630,ham,0,0
3631,spam,0,0
3632,ham,1,0
3633,ham,0,0
3634,ham,0,0
3635,ham,0,0
3636,ham,0,0
3637,ham,0,0
3638,ham,0,0
3639,spam,0,0
3640,ham,0,0
3641,ham,0,0
3642,spam,0,0
3643,ham,0,0
3644,ham,0,0
3645,ham,0,0
3646,spam,0,0
3647,ham,0,0
3648,ham,0,0
3649,ham,0,0
3650,ham,0,0
3651,ham,0,0
3652,ham,0,0
3653,ham,0,0
3654,ham,0,0
3655,ham,0,0
3656,ham,0,0
3657,ham,0,0
3658,ham,0,0
3659,ham,0,0
3660,ham,0,0
3661,ham,0,0
3662,ham,0,0
3663,ham,0,0
3664,ham,0,0
3665,ham,0,0
3666,ham,0,0
3667,ham,0,0
3668,ham,0,0
3669,ham,0,0
3670,ham,0,0
3671,ham,0,0
3672,ham,0,0
3673,ham,0,0
3674,ham,0,0
3675,spam,0,0
3676,ham,0,0
3677,ham,0,0
3678,ham,0,0
3679,spam,0,0
3680,ham,0,0
3681,ham,0,0
3682,ham,0,0
3683,ham,0,0
3684,ham,0,0
3685,ham,0,0
3686,ham,0,0
3687,ham,0,0
3688,ham,0,0
3689,ham,0,0
3690,ham,0,0
3691,ham,0,0
3692,ham,0,0
3693,ham,0,0
3694,ham,0,0
3695,ham,0,0
3696,ham,0,0
3697,ham,0,0
3698,spam,0,0
3699,ham,0,0
3700,ham,0,0
3701,ham,0,0
3702,ham,0,0
3703,ham,0,0
3704,ham,0,0
3705,ham,0,0
3706,ham,0,0
3707,ham,0,0
3708,ham,0,0
3709,spam,0,0
3710,ham,0,0
3711,ham,0,0
3712,ham,0,0
3713,ham,0,0
3714,ham,0,0
3715,ham,0,0
3716,ham,0,0
3717,ham,0,0
3718,ham,0,0
3719,ham,0,0
3720,spam,0,0
3721,ham,0,0
3722,ham,0,0
3723,ham,0,0
3724,ham,0,0
3725,spam,0,0
3726,ham,0,0
3727,ham,0,0
3728,ham,0,0
3729,ham,0,0
3730,ham,0,0
3731,ham,0,0
3732,ham,0,0
3733,ham,0,0
3734,ham,0,0
3735,ham,0,0
3736,ham,0,0
3737,ham,0,0
3738,ham,0,0
3739,ham,0,0
3740,ham,0,0
3741,ham,0,0
3742,spam,0,0
3743,ham,0,0
3744,ham,0,0
3745,ham,0,0
3746,ham,0,0
3747,ham,0,0
3748,ham,0,0
3749,ham,0,0
3750,spam,0,0
3751,ham,0,0
3752,ham,0,0
3753,ham,0,0
3754,ham,0,0
3755,spam,0,0
3756,ham,0,0
3757,ham,0,0
3758,spam,0,0
3759,ham,0,0
3760,ham,0,0
3761,ham,0,0
3762,ham,0,0
3763,spam,0,0
3764,ham,0,0
3765,ham,0,0
3766,spam,0,0
3767,ham,0,0
3768,ham,0,0
3769,ham,0,0
3770,ham,0,0
3771,ham,0,0
3772,ham,0,0
3773,ham,0,0
3774,ham,0,0
3775,ham,0,0
3776,ham,0,0
3777,ham,0,0
3778,spam,1,0
3779,ham,0,0
3780,spam,0,0
3781,ham,0,0
3782,ham,0,0
3783,ham,0,0
3784,ham,0,0
3785,ham,0,0
3786,ham,0,0
3787,ham,0,0
3788,ham,0,0
3789,spam,0,0
3790,ham,0,0
3791,ham,0,0
3792,spam,0,0
3793,ham,0,0
3794,ham,0,0
3795,ham,0,0
3796,ham,0,0
3797,ham,0,0
3798,ham,0,0
3799,ham,0,0
3800,ham,0,0
3801,spam,0,0
3802,ham,0,0
3803,ham,0,0
3804,ham,0,0
3805,ham,0,0
3806,ham,0,0
3807,spam,0,0
3808,ham,0,0
3809,ham,0,0
3810,ham,0,0
3811,ham,0,0
3812,ham,0,0
3813,ham,0,0
3814,ham,0,0
3815,ham,0,0
3816,ham,0,0
3817,ham,0,0
3818,ham,0,0
3819,spam,0,0
3820,ham,0,0
3821,ham,0,0
3822,ham,0,0
3823,ham,0,0
3824,ham,0,0
3825,ham,0,0
3826,ham,0,0
3827,ham,0,0
3828,spam,0,0
3829,ham,0,0
3830,ham,0,0
3831,ham,0,0
3832,ham,0,1
3833,ham,0,0
3834,ham,0,0
3835,ham,0,0
3836,ham,0,0
3837,ham,0,0
3838,ham,0,0
3839,ham,0,0
3840,ham,0,0
3841,ham,0,0
3842,ham,0,0
3843,ham,0,0
3844,ham,0,0
3845,ham,0,0
3846,ham,0,0
3847,ham,0,0
3848,spam,0,0
3849,ham,0,0
3850,ham,0,0
3851,ham,1,0
3852,ham,0,0
3853,ham,0,0
3854,ham,0,0
3855,ham,0,0
3856,spam,0,0
3857,ham,0,0
3858,ham,0,1
3859,ham,0,0
3860,spam,0,0
3861,ham,0,0
3862,spam,0,0
3863,ham,0,0
3864,spam,0,0
3865,ham,0,0
3866,ham,0,0
3867,ham,0,0
3868,ham,0,0
3869,ham,0,0
3870,ham,0,0
3871,ham,0,0
3872,ham,0,0
3873,ham,0,0
3874,ham,0,0
3875,ham,0,0
3876,ham,0,0
3877,ham,0,0
3878,ham,0,0
3879,ham,0,0
3880,ham,0,0
3881,ham,0,0
3882,ham,0,0
3883,ham,0,0
3884,ham,0,0
3885,spam,0,0
3886,ham,0,0
3887,ham,0,0
3888,ham,0,0
3889,ham,0,0
3890,ham,0,0
3891,spam,0,0
3892,ham,0,0
3893,spam,0,0
3894,ham,0,0
3895,spam,0,0
3896,ham,0,0
3897,spam,0,0
3898,ham,0,0
3899,ham,0,0
3900,ham,0,0
3901,ham,0,0
3902,ham,0,0
3903,ham,0,0
3904,ham,0,0
3905,spam,0,0
3906,spam,0,0
3907,ham,0,0
3908,ham,0,0
3909,ham,0,0
3910,ham,0,0
3911,ham,0,0
3912,ham,0,0
3913,spam,0,0
3914,ham,0,0
3915,ham,0,0
3916,ham,0,0
3917,ham,0,0
3918,ham,0,0
3919,ham,0,0
3920,ham,0,0
3921,spam,0,0
3922,ham,0,0
3923,ham,0,0
3924,ham,0,0
3925,ham,0,0
3926,ham,0,0
3927,ham,0,0
3928,ham,0,0
3929,ham,0,0
3930,ham,0,0
3931,ham,0,0
3932,ham,0,0
3933,ham,0,0
3934,ham,0,0
3935,ham,0,0
3936,ham,0,0
3937,ham,0,0
3938,ham,0,0
3939,ham,0,0
3940,ham,0,0
3941,ham,0,0
3942,spam,0,0
3943,ham,0,0
3944,ham,0,0
3945,ham,0,0
3946,ham,0,0
3947,ham,0,0
3948,ham,0,0
3949,ham,0,0
3950,ham,0,0
3951,ham,0,0
3952,ham,0,0
3953,ham,0,2
3954,spam,0,0
3955,ham,0,0
3956,ham,0,0
3957,ham,0,0
3958,ham,0,0
3959,ham,0,0
3960,ham,0,0
3961,ham,0,0
3962,ham,0,0
3963,spam,0,0
3964,ham,0,0
3965,ham,0,0
3966,ham,0,0
3967,ham,0,0
3968,spam,0,0
3969,ham,0,0
3970,ham,0,0
3971,ham,0,0
3972,spam,0,0
3973,ham,0,0
3974,ham,0,0
3975,ham,0,0
3976,ham,0,0
3977,ham,0,0
3978,spam,0,0
3979,ham,0,1
3980,ham,0,0
3981,spam,0,0
3982,ham,0,0
3983,ham,0,0
3984,ham,0,0
3985,ham,0,0
3986,ham,0,0
3987,ham,0,0
3988,spam,0,0
3989,ham,0,0
3990,ham,0,0
3991,spam,0,0
3992,ham,0,0
3993,ham,0,0
3994,ham,0,0
3995,ham,0,0
3996,ham,0,0
3997,ham,0,0
3998,spam,0,0
3999,spam,0,0
4000,ham,0,0
4001,spam,0,0
4002,ham,0,0
4003,ham,0,0
4004,ham,0,0
4005,ham,0,0
4006,ham,0,0
4007,ham,0,0
4008,ham,0,0
4009,ham,0,0
4010,ham,0,0
4011,spam,0,0
4012,spam,0,0
4013,ham,0,0
4014,ham,0,0
4015,ham,0,0
4016,spam,0,0
4017,ham,0,0
4018,ham,0,0
4019,ham,0,0
4020,spam,0,0
4021,ham,0,0
4022,ham,0,0
4023,ham,0,0
4024,ham,0,0
4025,ham,0,0
4026,ham,0,0
4027,ham,0,0
4028,ham,0,0
4029,ham,0,0
4030,ham,0,0
4031,ham,0,0
4032,ham,0,0
4033,ham,0,0
4034,ham,0,0
4035,ham,0,0
4036,spam,0,0
4037,ham,0,0
4038,ham,0,0
4039,ham,0,0
4040,ham,0,0
4041,ham,0,0
4042,spam,0,0
4043,ham,0,0
4044,ham,0,0
4045,ham,0,0
4046,ham,0,0
4047,spam,0,0
4048,spam,0,0
4049,ham,0,0
4050,ham,0,0
4051,ham,0,0
4052,ham,0,0
4053,ham,0,0
4054,ham,0,0
4055,ham,0,0
4056,ham,0,0
4057,ham,0,0
4058,ham,0,0
4059,ham,0,0
4060,spam,0,0
4061,spam,0,0
4062,ham,0,0
4063,ham,0,0
4064,ham,0,0
4065,ham,0,0
4066,ham,0,0
4067,ham,0,0
4068,spam,0,0
4069,spam,0,0
4070,ham,0,0
4071,ham,0,0
4072,ham,0,0
4073,spam,0,0
4074,ham,0,0
4075,ham,0,0
4076,ham,0,0
4077,spam,0,0
4078,ham,0,0
4079,ham,0,0
4080,ham,0,0
4081,ham,0,0
4082,ham,0,0
4083,ham,0,0
4084,ham,0,0
4085,ham,0,0
4086,spam,0,0
4087,ham,0,0
4088,spam,0,0
4089,ham,0,0
4090,ham,0,0
4091,spam,0,0
4092,ham,0,0
4093,ham,0,0
4094,ham,0,0
4095,ham,0,0
4096,ham,0,0
4097,ham,0,0
4098,ham,0,0
4099,ham,0,0
4100,ham,0,0
4101,ham,0,0
4102,spam,0,0
4103,ham,0,0
4104,spam,0,0
4105,ham,0,0
4106,ham,0,0
4107,ham,0,0
4108,spam,0,0
4109,ham,0,0
4110,ham,0,0
4111,ham,0,0
4112,spam,0,0
4113,ham,0,0
4114,ham,0,0
4115,ham,0,0
4116,ham,0,0
4117,ham,0,0
4118,ham,0,0
4119,ham,0,0
4120,ham,0,0
4121,ham,0,0
4122,ham,0,0
4123,ham,0,0
4124,ham,0,0
4125,ham,1,0
4126,ham,0,0
4127,spam,0,0
4128,ham,0,0
4129,ham,0,0
4130,ham,0,0
4131,ham,0,0
4132,ham,0,0
4133,ham,0,0
4134,spam,1,0
4135,ham,0,0
4136,ham,0,0
4137,ham,0,0
4138,ham,0,0
4139,ham,0,0
4140,ham,0,0
4141,ham,0,0
4142,ham,0,0
4143,ham,0,0
4144,spam,0,0
4145,ham,0,0
4146,ham,0,0
4147,ham,0,0
4148,ham,0,0
4149,spam,0,0
4150,ham,0,0
4151,ham,0,0
4152,ham,0,0
4153,ham,0,0
4154,spam,0,0
4155,ham,0,0
4156,spam,0,0
4157,ham,0,0
4158,ham,0,0
4159,ham,0,0
4160,ham,0,0
4161,ham,0,0
4162,spam,0,0
4163,ham,0,0
4164,ham,0,0
4165,ham,0,0
4166,spam,0,0
4167,ham,0,0
4168,ham,0,0
4169,spam,0,0
4170,ham,0,0
4171,ham,0,0
4172,ham,0,0
4173,ham,0,0
4174,ham,0,0
4175,ham,0,0
4176,ham,0,0
4177,ham,0,0
4178,ham,0,0
4179,ham,0,0
4180,ham,0,0
4181,ham,0,0
4182,ham,0,0
4183,spam,0,0
4184,ham,0,0
4185,ham,0,0
4186,ham,0,0
4187,ham,0,0
4188,ham,0,0
4189,ham,0,0
4190,ham,0,0
4191,ham,0,0
4192,ham,0,0
4193,ham,0,0
4194,ham,0,0
4195,ham,0,0
4196,spam,0,0
4197,ham,0,1
4198,spam,0,0
4199,spam,0,0
4200,spam,0,0
4201,ham,0,0
4202,ham,0,0
4203,ham,0,0
4204,ham,0,0
4205,ham,0,0
4206,spam,0,0
4207,ham,0,0
4208,ham,0,0
4209,ham,0,0
4210,ham,0,1
4211,ham,0,0
4212,ham,0,0
4213,spam,0,0
4214,ham,0,0
4215,ham,0,0
4216,ham,0,0
4217,ham,0,0
4218,ham,0,0
4219,ham,0,0
4220,ham,0,0
4221,ham,0,0
4222,ham,0,0
4223,ham,0,0
4224,ham,0,0
4225,ham,0,0
4226,ham,0,0
4227,ham,0,0
4228,ham,0,0
4229,ham,0,0
4230,ham,0,0
4231,ham,0,0
4232,ham,0,0
4233,ham,0,0
4234,ham,0,0
4235,ham,0,0
4236,spam,0,0
4237,spam,0,0
4238,ham,0,0
4239,ham,0,0
4240,ham,0,0
4241,ham,0,0
4242,ham,0,0
4243,spam,0,0
4244,ham,0,0
4245,ham,0,0
4246,ham,0,0
4247,ham,0,0
4248,spam,0,0
4249,spam,0,0
4250,ham,0,0
4251,ham,0,0
4252,ham,0,0
4253,ham,0,0
4254,ham,0,0
4255,ham,0,0
4256,spam,0,0
4257,ham,0,0
4258,spam,0,0
4259,ham,0,0
4260,ham,0,0
4261,ham,0,0
4262,ham,0,0
4263,ham,0,0
4264,ham,0,0
4265,ham,0,0
4266,ham,0,1
4267,ham,0,0
4268,ham,0,0
4269,ham,0,0
4270,ham,0,0
4271,ham,0,0
4272,spam,0,0
4273,ham,0,0
4274,ham,0,0
4275,ham,0,0
4276,ham,0,0
4277,ham,0,0
4278,ham,0,0
4279,ham,0,0
4280,spam,0,0
4281,spam,0,0
4282,ham,0,0
4283,ham,0,0
4284,ham,0,0
4285,ham,0,0
4286,ham,0,0
4287,ham,0,0
4288,ham,0,0
4289,ham,0,0
4290,ham,0,0
4291,ham,0,0
4292,ham,0,0
4293,ham,0,0
4294,ham,0,0
4295,spam,0,0
4296,spam,0,0
4297,spam,0,0
4298,spam,0,0
4299,spam,0,0
4300,ham,0,0
4301,ham,0,0
4302,ham,0,0
4303,ham,0,0
4304,ham,0,0
4305,ham,0,0
4306,ham,0,0
4307,ham,0,0
4308,ham,0,0
4309,ham,0,0
4310,ham,0,0
4311,spam,0,0
4312,ham,0,0
4313,ham,0,1
4314,ham,0,0
4315,ham,0,0
4316,ham,0,0
4317,ham,0,0
4318,ham,0,0
4319,ham,0,0
4320,ham,0,0
4321,ham,0,0
4322,ham,0,0
4323,ham,0,0
4324,ham,0,0
4325,ham,0,0
4326,ham,0,0
4327,ham,0,0
4328,ham,0,0
4329,spam,0,0
4330,ham,0,0
4331,ham,0,0
4332,ham,0,0
4333,ham,0,0
4334,ham,0,0
4335,ham,0,0
4336,ham,0,0
4337,ham,0,0
4338,ham,0,0
4339,ham,0,0
4340,ham,0,0
4341,ham,0,0
4342,ham,0,0
4343,ham,0,0
4344,ham,0,0
4345,ham,0,0
4346,ham,0,0
4347,ham,0,0
4348,spam,0,0
4349,ham,0,0
4350,ham,0,0
4351,ham,0,0
4352,ham,0,0
4353,ham,0,0
4354,ham,0,0
4355,spam,0,0
4356,ham,0,0
4357,ham,0,0
4358,ham,0,0
4359,spam,0,0
4360,ham,0,0
4361,ham,0,0
4362,ham,0,0
4363,ham,0,0
4364,ham,0,0
4365,ham,0,0
4366,ham,0,0
4367,ham,0,0
4368,ham,0,0
4369,ham,0,0
4370,ham,0,0
4371,spam,0,0
4372,ham,0,0
4373,spam,0,0
4374,ham,0,0
4375,ham,0,0
4376,spam,0,0
4377,spam,0,0
4378,ham,0,0
4379,ham,0,0
4380,ham,0,0
4381,ham,0,0
4382,ham,0,0
4383,ham,0,0
4384,ham,0,0
4385,ham,0,0
4386,spam,0,0
4387,ham,0,0
4388,ham,0,0
4389,ham,0,0
4390,ham,0,0
4391,ham,0,0
4392,ham,0,0
4393,ham,0,0
4394,spam,0,0
4395,ham,0,0
4396,ham,0,0
4397,ham,0,0
4398,ham,0,0
4399,ham,0,0
4400,ham,0,0
4401,ham,0,0
4402,ham,0,0
4403,ham,0,0
4404,ham,0,0
4405,ham,0,0
4406,ham,0,0
4407,spam,0,0
4408,ham,0,0
4409,ham,0,0
4410,spam,0,0
4411,ham,0,0
4412,ham,0,0
4413,ham,0,0
4414,ham,0,0
4415,ham,0,0
4416,ham,0,0
4417,ham,0,0
4418,ham,0,0
4419,ham,0,0
4420,ham,0,0
4421,ham,0,0
4422,ham,0,0
4423,ham,0,0
4424,ham,0,0
4425,ham,0,0
4426,ham,0,0
4427,ham,0,0
4428,ham,0,0
4429,ham,0,0
4430,ham,0,0
4431,ham,0,0
4432,ham,0,0
4433,ham,0,0
4434,ham,0,0
4435,ham,0,0
4436,spam,0,0
4437,ham,0,0
4438,ham,0,0
4439,ham,0,0
4440,ham,0,0
4441,ham,0,0
4442,ham,0,0
4443,ham,0,0
4444,ham,0,0
4445,ham,0,0
4446,ham,0,0
4447,ham,0,0
4448,ham,0,0
4449,ham,0,0
4450,spam,0,0
4451,ham,0,0
4452,ham,0,0
4453,ham,0,0
4454,ham,0,0
4455,ham,0,0
4456,ham,0,0
4457,ham,0,0
4458,ham,0,0
4459,ham,0,0
4460,spam,0,0
4461,ham,0,0
4462,ham,0,1
4463,ham,0,0
4464,ham,0,0
4465,ham,0,0
4466,ham,0,0
4467,ham,0,0
4468,ham,1,0
4469,ham,0,0
4470,ham,0,0
4471,ham,0,0
4472,ham,0,0
4473,spam,0,0
4474,ham,0,0
4475,spam,0,0
4476,ham,0,0
4477,ham,0,0
4478,ham,0,0
4479,ham,0,0
4480,ham,0,0
4481,ham,0,0
4482,ham,0,0
4483,ham,0,0
4484,ham,0,0
4485,ham,0,0
4486,ham,0,0
4487,ham,0,0
4488,ham,0,0
4489,ham,0,0
4490,ham,0,0
4491,ham,0,0
4492,ham,0,0
4493,ham,0,0
4494,ham,0,0
4495,ham,0,0
4496,ham,0,0
4497,ham,0,0
4498,ham,0,0
4499,spam,0,0
4500,spam,0,0
4501,ham,0,0
4502,ham,0,0
4503,ham,0,0
4504,ham,0,0
4505,ham,0,0
4506,spam,0,0
4507,ham,0,0
4508,ham,0,0
4509,ham,0,0
4510,ham,0,0
4511,ham,0,0
4512,ham,0,0
4513,ham,0,0
4514,spam,0,0
4515,ham,0,0
4516,ham,0,0
4517,spam,0,0
4518,ham,0,0
4519,ham,0,0
4520,ham,0,0
4521,ham,0,0
4522,ham,0,0
4523,ham,0,0
4524,ham,0,0
4525,ham,0,0
4526,ham,0,0
4527,spam,0,0
4528,ham,0,0
4529,ham,0,0
4530,ham,0,0
4531,ham,0,0
4532,ham,0,0
4533,ham,0,0
4534,spam,2,0
4535,ham,0,0
4536,ham,0,0
4537,ham,0,0
4538,ham,0,0
4539,ham,0,0
4540,ham,0,0
4541,ham,0,0
4542,ham,0,0
4543,spam,0,0
4544,ham,0,0
4545,ham,0,0
4546,ham,0,0
4547,ham,0,0
4548,ham,0,0
4549,ham,0,0
4550,ham,0,0
4551,ham,0,0
4552,ham,0,0
4553,ham,0,0
4554,ham,0,0
4555,ham,0,0
4556,ham,0,0
4557,ham,0,0
4558,ham,0,0
4559,ham,0,0
4560,ham,0,0
4561,ham,0,0
4562,ham,0,0
4563,ham,0,0
4564,ham,0,0
4565,ham,0,0
4566,ham,0,0
4567,ham,0,3
4568,ham,0,0
4569,ham,0,0
4570,ham,0,0
4571,spam,0,0
4572,ham,0,0
4573,ham,0,0
4574,spam,0,0
4575,ham,0,0
4576,ham,0,0
4577,spam,0,0
4578,spam,0,0
4579,spam,0,0
4580,ham,0,0
4581,ham,0,0
4582,ham,0,0
4583,ham,0,0
4584,spam,0,0
4585,ham,0,0
4586,spam,0,0
4587,spam,1,0
4588,ham,0,0
4589,ham,0,0
4590,ham,0,0
4591,ham,0,0
4592,spam,0,0
4593,ham,0,0
4594,ham,0,0
4595,ham,0,0
4596,ham,0,0
4597,ham,0,0
4598,ham,0,0
4599,ham,0,0
4600,ham,0,0
4601,ham,0,0
4602,spam,0,0
4603,ham,0,0
4604,ham,0,0
4605,ham,0,0
4606,ham,0,0
4607,ham,0,0
4608,ham,0,0
4609,ham,0,0
4610,ham,0,0
4611,ham,0,0
4612,ham,0,0
4613,ham,0,0
4614,ham,0,0
4615,ham,0,0
4616,spam,0,0
4617,ham,0,0
4618,ham,0,0
4619,ham,0,0
4620,ham,0,0
4621,ham,0,0
4622,ham,0,0
4623,ham,0,0
4624,ham,0,0
4625,ham,0,0
4626,ham,0,0
4627,ham,0,0
4628,spam,0,0
4629,spam,0,0
4630,ham,0,0
4631,ham,0,0
4632,ham,0,0
4633,ham,0,0
4634,ham,0,0
4635,ham,0,0
4636,ham,0,0
4637,ham,0,0
4638,ham,0,0
4639,ham,0,0
4640,ham,0,0
4641,ham,0,0
4642,ham,0,0
4643,spam,0,0
4644,ham,0,0
4645,ham,0,0
4646,ham,0,0
4647,spam,0,0
4648,ham,0,0
4649,ham,0,0
4650,ham,0,0
4651,ham,0,0
4652,spam,0,0
4653,ham,0,0
4654,ham,0,0
4655,ham,0,0
4656,ham,0,0
4657,ham,0,0
4658,spam,0,0
4659,ham,0,0
4660,ham,0,0
4661,ham,0,0
4662,ham,0,0
4663,ham,0,0
4664,ham,0,0
4665,ham,0,0
4666,ham,0,0
4667,ham,0,0
4668,ham,0,0
4669,ham,0,0
4670,ham,0,0
4671,ham,0,0
4672,ham,0,0
4673,spam,0,0
4674,ham,0,0
4675,ham,0,0
4676,spam,0,0
4677,ham,0,0
4678,ham,0,0
4679,ham,0,0
4680,ham,0,0
4681,ham,0,0
4682,ham,0,0
4683,ham,0,0
4684,ham,0,0
4685,ham,0,0
4686,ham,0,0
4687,ham,0,0
4688,ham,0,0
4689,ham,0,0
4690,ham,0,0
4691,ham,0,0
4692,ham,0,0
4693,ham,0,0
4694,ham,0,0
4695,ham,0,0
4696,spam,0,0
4697,ham,0,0
4698,ham,0,0
4699,ham,0,0
4700,ham,0,0
4701,spam,0,0
4702,ham,0,0
4703,ham,0,0
4704,ham,0,0
4705,ham,0,0
4706,ham,0,0
4707,ham,0,0
4708,ham,0,0
4709,ham,0,0
4710,ham,0,0
4711,ham,0,0
4712,ham,0,0
4713,ham,0,0
4714,ham,0,0
4715,ham,0,0
4716,ham,0,0
4717,ham,0,0
4718,ham,0,0
4719,ham,0,0
4720,ham,0,0
4721,ham,0,0
4722,ham,0,0
4723,ham,0,0
4724,ham,0,0
4725,spam,0,0
4726,ham,0,0
4727,ham,0,0
4728,spam,0,0
4729,ham,0,0
4730,ham,0,0
4731,ham,0,0
4732,ham,0,0
4733,ham,0,0
4734,ham,0,0
4735,spam,0,0
4736,ham,0,0
4737,ham,0,0
4738,ham,0,0
4739,ham,0,0
4740,ham,0,0
4741,ham,0,0
4742,ham,0,0
4743,ham,0,0
4744,ham,0,0
4745,ham,0,0
4746,spam,0,0
4747,ham,0,0
4748,ham,0,0
4749,ham,0,0
4750,ham,0,0
4751,ham,0,0
4752,spam,0,0
4753,ham,0,0
4754,spam,0,0
4755,ham,0,0
4756,ham,0,0
4757,ham,0,0
4758,ham,0,0
4759,spam,0,0
4760,spam,0,0
4761,ham,0,0
4762,ham,0,0
4763,ham,0,0
4764,ham,0,0
4765,ham,0,0
4766,ham,0,0
4767,ham,0,0
4768,spam,0,0
4769,ham,0,0
4770,ham,0,0
4771,ham,0,0
4772,ham,0,0
4773,ham,0,0
4774,ham,0,0
4775,ham,0,0
4776,ham,0,0
4777,ham,0,0
4778,ham,0,0
4779,ham,0,0
4780,ham,0,0
4781,ham,0,0
4782,ham,0,0
4783,ham,0,0
4784,ham,0,0
4785,ham,0,0
4786,spam,0,0
4787,ham,0,0
4788,ham,0,0
4789,ham,0,0
4790,ham,0,0
4791,ham,0,0
4792,ham,0,0
4793,ham,0,0
4794,ham,0,0
4795,ham,0,0
4796,ham,0,0
4797,spam,0,0
4798,spam,0,0
4799,ham,0,0
4800,ham,0,0
4801,ham,0,1
4802,ham,0,0
4803,ham,0,0
4804,ham,0,0
4805,ham,0,0
4806,ham,0,0
4807,ham,0,0
4808,spam,0,0
4809,ham,0,0
4810,ham,0,0
4811,ham,0,0
4812,ham,0,0
4813,ham,0,0
4814,ham,0,0
4815,ham,0,0
4816,ham,0,0
4817,ham,0,0
4818,ham,0,0
4819,ham,0,0
4820,ham,0,0
4821,spam,1,0
4822,ham,0,0
4823,spam,0,0
4824,ham,0,0
4825,ham,0,0
4826,ham,0,0
4827,ham,0,0
4828,ham,0,0
4829,ham,0,0
4830,ham,0,0
4831,ham,0,0
4832,ham,0,0
4833,ham,0,0
4834,spam,0,0
4835,ham,0,0
4836,ham,0,0
4837,ham,0,0
4838,ham,0,0
4839,ham,0,0
4840,ham,0,0
4841,spam,0,0
4842,ham,0,0
4843,ham,0,0
4844,ham,0,0
4845,spam,0,0
4846,ham,0,0
4847,ham,0,0
4848,ham,0,0
4849,ham,0,0
4850,ham,0,0
4851,ham,0,0
4852,ham,0,0
4853,ham,0,0
4854,ham,0,0
4855,ham,0,0
4856,ham,0,0
4857,ham,0,0
4858,ham,0,0
4859,ham,0,0
4860,ham,0,0
4861,ham,0,0
4862,ham,0,0
4863,spam,0,0
4864,spam,0,0
4865,ham,0,0
4866,ham,0,0
4867,ham,0,0
4868,ham,0,0
4869,ham,0,0
4870,ham,0,0
4871,ham,0,0
4872,ham,0,0
4873,ham,0,0
4874,ham,0,0
4875,ham,0,0
4876,ham,0,0
4877,spam,0,0
4878,ham,0,0
4879,spam,0,0
4880,ham,0,0
4881,ham,0,0
4882,ham,0,0
4883,ham,0,0
4884,ham,0,0
4885,ham,0,0
4886,ham,0,0
4887,ham,0,0
4888,spam,0,0
4889,ham,0,0
4890,ham,0,0
4891,ham,0,0
4892,ham,0,0
4893,ham,0,0
4894,ham,0,0
4895,ham,0,0
4896,spam,0,0
4897,ham,0,0
4898,ham,0,0
4899,ham,0,0
4900,ham,0,0
4901,spam,0,0
4902,ham,0,0
4903,spam,0,0
4904,ham,0,0
4905,ham,0,0
4906,spam,0,0
4907,ham,0,0
4908,ham,0,0
4909,ham,0,0
4910,ham,0,0
4911,ham,0,0
4912,ham,0,0
4913,ham,0,0
4914,spam,0,0
4915,ham,0,0
4916,ham,0,0
4917,ham,0,0
4918,spam,0,0
4919,ham,0,0
4920,ham,0,0
4921,ham,0,0
4922,ham,0,0
4923,ham,0,0
4924,ham,0,0
4925,ham,0,0
4926,ham,0,0
4927,ham,0,0
4928,ham,0,0
4929,ham,0,0
4930,spam,0,0
4931,spam,0,0
4932,ham,1,0
4933,ham,0,0
4934,ham,0,0
4935,ham,0,1
4936,ham,0,0
4937,ham,0,0
4938,ham,0,0
4939,ham,0,0
4940,ham,0,0
4941,ham,0,0
4942,ham,0,0
4943,ham,0,0
4944,ham,0,0
4945,ham,0,0
4946,ham,0,0
4947,ham,0,0
4948,spam,0,0
4949,spam,0,0
4950,ham,0,0
4951,ham,0,0
4952,ham,0,0
4953,spam,0,0
4954,ham,0,0
4955,ham,0,0
4956,ham,0,1
4957,ham,0,0
4958,ham,0,0
4959,ham,0,0
4960,ham,0,0
4961,ham,0,0
4962,ham,0,0
4963,ham,0,0
4964,ham,0,0
4965,spam,0,0
4966,ham,0,0
4967,spam,0,0
4968,spam,0,0
4969,ham,0,0
4970,ham,0,0
4971,ham,0,0
4972,ham,0,0
4973,ham,0,0
4974,ham,0,0
4975,ham,0,0
4976,ham,0,0
4977,ham,0,0
4978,ham,0,0
4979,ham,0,0
4980,ham,0,0
4981,ham,0,0
4982,ham,0,0
4983,ham,0,0
4984,ham,0,0
4985,spam,0,0
4986,ham,0,0
4987,ham,0,0
4988,ham,0,0
4989,ham,0,0
4990,ham,0,0
4991,spam,0,0
4992,ham,0,0
4993,ham,0,1
4994,ham,0,0
4995,ham,0,0
4996,ham,0,0
4997,ham,0,0
4998,ham,0,0
4999,ham,0,0
5000,ham,0,0
5001,ham,0,0
5002,ham,0,0
5003,ham,0,0
5004,spam,0,0
5005,ham,0,0
5006,ham,0,0
5007,ham,0,0
5008,ham,0,0
5009,ham,0,0
5010,ham,0,0
5011,ham,0,0
5012,spam,0,0
5013,ham,0,0
5014,ham,0,0
5015,ham,0,0
5016,ham,0,0
5017,ham,0,0
5018,spam,0,0
5019,ham,0,0
5020,ham,0,0
5021,ham,0,0
5022,ham,0,0
5023,ham,0,0
5024,ham,0,0
5025,ham,0,0
5026,ham,0,0
5027,spam,0,0
5028,spam,0,0
5029,ham,0,0
5030,spam,0,0
5031,ham,0,0
5032,ham,0,0
5033,ham,0,0
5034,ham,0,0
5035,ham,0,0
5036,ham,0,0
5037,spam,0,0
5038,ham,0,0
5039,ham,0,0
5040,ham,0,0
5041,spam,0,0
5042,ham,0,0
5043,spam,0,0
5044,ham,0,0
5045,ham,0,0
5046,ham,0,0
5047,ham,0,0
5048,ham,0,0
5049,ham,0,0
5050,ham,0,0
5051,ham,0,0
5052,ham,0,0
5053,ham,0,0
5054,ham,0,0
5055,spam,0,0
5056,ham,0,0
5057,ham,0,0
5058,ham,0,0
5059,ham,0,0
5060,spam,0,0
5061,ham,0,0
5062,ham,0,0
5063,ham,0,0
5064,ham,0,0
5065,ham,0,0
5066,ham,0,0
5067,ham,0,0
5068,spam,0,0
5069,ham,0,0
5070,ham,0,0
5071,spam,0,0
5072,ham,0,0
5073,spam,0,0
5074,ham,0,0
5075,ham,0,0
5076,spam,0,0
5077,ham,0,0
5078,ham,0,0
5079,spam,0,0
5080,ham,0,0
5081,ham,0,0
5082,ham,0,0
5083,ham,0,0
5084,ham,0,0
5085,ham,0,0
5086,ham,0,0
5087,ham,0,0
5088,ham,0,0
5089,ham,0,0
5090,ham,0,0
5091,ham,0,0
5092,ham,0,0
5093,ham,0,0
5094,ham,0,0
5095,ham,0,0
5096,ham,0,0
5097,ham,0,0
5098,ham,0,0
5099,ham,0,0
5100,spam,0,0
5101,ham,0,0
5102,ham,0,0
5103,ham,0,0
5104,spam,0,0
5105,ham,0,0
5106,ham,0,0
5107,ham,0,1
5108,ham,0,0
5109,ham,0,0
5110,ham,0,0
5111,ham,0,0
5112,spam,0,0
5113,ham,0,0
5114,spam,0,0
5115,ham,0,0
5116,ham,0,0
5117,spam,0,0
5118,ham,0,0
5119,ham,0,0
5120,ham,0,0
5121,ham,0,0
5122,spam,0,0
5123,ham,0,0
5124,ham,0,0
5125,ham,0,0
5126,ham,0,0
5127,ham,0,0
5128,ham,0,0
5129,ham,0,0
5130,ham,0,0
5131,ham,0,0
5132,ham,0,0
5133,ham,0,0
5134,ham,0,0
5135,ham,0,0
5136,ham,0,0
5137,ham,0,0
5138,ham,0,0
5139,spam,0,0
5140,ham,0,0
5141,ham,0,0
5142,ham,0,0
5143,spam,0,0
5144,ham,0,0
5145,ham,0,0
5146,ham,0,0
5147,ham,0,0
5148,ham,0,0
5149,spam,0,0
5150,ham,0,0
5151,ham,0,0
5152,ham,0,0
5153,ham,0,0
5154,ham,0,0
5155,ham,0,0
5156,ham,0,0
5157,ham,0,0
5158,ham,0,0
5159,ham,0,0
5160,ham,0,0
5161,ham,0,0
5162,ham,0,0
5163,ham,0,0
5164,ham,0,0
5165,ham,0,0
5166,spam,0,0
5167,ham,0,0
5168,ham,0,0
5169,ham,0,0
5170,ham,0,0
5171,ham,0,0
5172,ham,0,0
5173,ham,0,0
5174,ham,0,0
5175,ham,0,0
5176,ham,0,0
5177,ham,0,0
5178,ham,0,0
5179,ham,0,0
5180,spam,0,0
5181,ham,0,0
5182,ham,0,0
5183,ham,0,0
5184,ham,0,0
5185,ham,0,0
5186,ham,0,0
5187,ham,0,0
5188,ham,0,0
5189,ham,0,0
5190,ham,0,0
5191,spam,0,0
5192,spam,0,0
5193,ham,0,0
5194,ham,0,0
5195,ham,0,0
5196,ham,0,0
5197,ham,0,0
5198,spam,0,0
5199,ham,0,0
5200,ham,0,0
5201,ham,0,0
5202,spam,0,0
5203,spam,0,0
5204,ham,0,0
5205,ham,0,0
5206,ham,0,0
5207,spam,0,0
5208,ham,0,0
5209,ham,0,0
5210,ham,0,0
5211,ham,0,0
5212,ham,0,0
5213,ham,0,0
5214,ham,0,0
5215,ham,0,0
5216,spam,0,0
5217,ham,0,1
5218,ham,0,0
5219,ham,0,0
5220,ham,0,0
5221,ham,0,0
5222,ham,0,0
5223,ham,0,0
5224,ham,0,0
5225,ham,0,0
5226,ham,0,0
5227,ham,0,0
5228,ham,0,0
5229,ham,0,0
5230,spam,0,0
5231,ham,0,0
5232,ham,0,0
5233,ham,0,0
5234,spam,0,0
5235,ham,0,0
5236,ham,0,0
5237,ham,0,2
5238,ham,0,0
5239,spam,0,0
5240,ham,0,0
5241,ham,0,0
5242,ham,0,0
5243,ham,0,0
5244,ham,0,0
5245,ham,0,0
5246,ham,0,0
5247,ham,0,0
5248,ham,0,0
5249,ham,0,0
5250,ham,0,0
5251,ham,0,0
5252,spam,0,0
5253,ham,0,0
5254,ham,0,0
5255,ham,0,0
5256,ham,0,0
5257,ham,0,0
5258,ham,0,0
5259,ham,0,0
5260,ham,0,0
5261,ham,0,0
5262,ham,0,1
5263,ham,0,0
5264,ham,0,0
5265,ham,0,0
5266,ham,0,0
5267,ham,0,0
5268,ham,0,0
5269,ham,0,0
5270,ham,0,0
5271,spam,0,0
5272,ham,0,0
5273,ham,0,0
5274,ham,0,0
5275,ham,0,0
5276,ham,0,0
5277,ham,0,0
5278,ham,0,0
5279,ham,0,0
5280,spam,0,0
5281,ham,0,0
5282,ham,0,0
5283,ham,0,0
5284,ham,0,0
5285,ham,0,0
5286,ham,0,0
5287,spam,0,0
5288,ham,0,0
5289,ham,0,0
5290,ham,0,0
5291,ham,0,0
5292,ham,0,0
5293,ham,0,0
5294,spam,0,0
5295,ham,0,0
5296,spam,0,0
5297,ham,0,0
5298,ham,0,0
5299,ham,0,0
5300,ham,0,0
5301,ham,0,0
5302,ham,0,0
5303,ham,0,0
5304,ham,0,0
5305,ham,0,0
5306,ham,0,0
5307,ham,0,0
5308,ham,0,0
5309,ham,0,0
5310,ham,0,0
5311,ham,0,0
5312,ham,0,0
5313,ham,0,0
5314,ham,0,0
5315,ham,0,0
5316,spam,0,0
5317,ham,0,0
5318,ham,0,0
5319,ham,0,0
5320,ham,0,0
5321,ham,0,0
5322,ham,0,0
5323,ham,0,0
5324,ham,0,0
5325,ham,0,0
5326,ham,0,0
5327,ham,0,0
5328,ham,0,0
5329,ham,0,0
5330,ham,0,0
5331,ham,0,0
5332,ham,0,0
5333,ham,0,0
5334,ham,0,0
5335,ham,0,0
5336,ham,0,0
5337,ham,0,0
5338,ham,0,0
5339,ham,0,0
5340,ham,0,0
5341,ham,0,0
5342,ham,0,0
5343,ham,0,0
5344,spam,0,0
5345,ham,0,0
5346,ham,0,0
5347,ham,0,0
5348,ham,0,0
5349,ham,0,0
5350,ham,0,0
5351,ham,0,0
5352,ham,0,0
5353,ham,0,0
5354,ham,0,0
5355,ham,0,0
5356,ham,0,0
5357,ham,0,0
5358,ham,0,0
5359,ham,0,0
5360,ham,0,0
5361,ham,0,0
5362,ham,0,0
5363,ham,0,0
5364,ham,0,0
5365,ham,0,0
5366,spam,0,0
5367,spam,0,0
5368,spam,0,0
5369,ham,0,0
5370,spam,0,0
5371,ham,0,0
5372,spam,0,0
5373,ham,0,0
5374,ham,0,0
5375,ham,0,0
5376,ham,0,0
5377,ham,0,0
5378,ham,0,0
5379,spam,0,0
5380,spam,0,0
5381,ham,0,0
5382,ham,0,0
5383,spam,0,0
5384,ham,0,0
5385,ham,0,0
5386,ham,0,0
5387,ham,0,0
5388,ham,0,0
5389,ham,0,0
5390,ham,0,0
5391,ham,0,0
5392,ham,0,0
5393,ham,0,0
5394,ham,0,0
5395,ham,0,0
5396,ham,0,0
5397,ham,0,0
5398,ham,0,0
5399,ham,0,0
5400,ham,0,0
5401,ham,0,0
5402,ham,0,0
5403,ham,0,0
5404,ham,0,0
5405,ham,0,0
5406,ham,0,0
5407,ham,0,0
5408,ham,0,0
5409,ham,0,0
5410,ham,0,0
5411,ham,0,0
5412,ham,0,0
5413,ham,0,0
5414,ham,0,0
5415,ham,0,0
5416,ham,0,0
5417,ham,0,0
5418,ham,0,0
5419,ham,0,0
5420,ham,0,0
5421,ham,0,0
5422,ham,0,0
5423,ham,0,0
5424,ham,0,0
5425,ham,0,0
5426,ham,0,0
5427,ham,0,0
5428,ham,0,0
5429,spam,0,0
5430,ham,0,0
5431,ham,0,0
5432,ham,0,0
5433,ham,0,0
5434,ham,0,0
5435,ham,0,0
5436,ham,0,0
5437,ham,0,1
5438,ham,0,0
5439,ham,0,0
5440,ham,0,0
5441,ham,0,0
5442,ham,0,0
5443,ham,0,0
5444,ham,0,0
5445,spam,0,0
5446,ham,0,0
5447,ham,0,0
5448,ham,0,0
5449,ham,0,0
5450,ham,0,0
5451,spam,0,0
5452,ham,0,0
5453,ham,0,0
5454,ham,0,0
5455,ham,0,0
5456,ham,0,0
5457,ham,0,0
5458,spam,0,0
5459,ham,0,0
5460,ham,0,0
5461,ham,0,0
5462,spam,0,0
5463,ham,0,0
5464,spam,0,0
5465,ham,0,0
5466,ham,0,0
5467,ham,0,0
5468,spam,0,0
5469,spam,0,0
5470,spam,0,0
5471,ham,0,0
5472,ham,0,0
5473,ham,0,0
5474,ham,0,0
5475,ham,0,0
5476,ham,0,0
5477,ham,0,0
5478,ham,0,0
5479,ham,0,0
5480,ham,0,0
5481,ham,0,0
5482,ham,0,0
5483,ham,0,0
5484,spam,0,0
5485,ham,0,0
5486,ham,0,0
5487,ham,0,0
5488,ham,0,0
5489,spam,0,0
5490,ham,0,0
5491,ham,0,0
5492,ham,0,0
5493,ham,0,0
5494,spam,0,0
5495,ham,0,0
5496,ham,0,0
5497,ham,0,0
5498,ham,0,1
5499,spam,0,0
5500,ham,0,0
5501,ham,0,0
5502,ham,0,0
5503,spam,0,0
5504,ham,0,0
5505,ham,0,0
5506,ham,0,0
5507,ham,0,0
5508,ham,0,0
5509,ham,0,0
5510,ham,0,0
5511,ham,0,0
5512,ham,0,0
5513,ham,0,0
5514,ham,0,0
5515,ham,0,0
5516,ham,0,0
5517,ham,0,0
5518,ham,0,0
5519,ham,0,0
5520,ham,0,0
5521,ham,0,0
5522,ham,0,0
5523,ham,0,0
5524,ham,0,0
5525,ham,0,0
5526,spam,0,0
5527,ham,0,0
5528,spam,0,0
5529,ham,0,0
5530,ham,0,0
5531,ham,0,0
5532,ham,0,0
5533,ham,0,0
5534,ham,0,0
5535,ham,0,0
5536,ham,0,0
5537,ham,0,0
5538,ham,0,0
5539,spam,1,0
5540,ham,0,0
5541,ham,0,0
5542,spam,0,0
5543,ham,0,0
5544,ham,0,0
5545,ham,0,0
5546,ham,0,0
5547,ham,0,0
5548,ham,0,0
5549,spam,0,0
5550,ham,0,0
5551,ham,0,0
5552,ham,0,0
5553,ham,0,0
5554,ham,0,0
5555,ham,0,0
5556,ham,0,0
5557,ham,0,0
5558,ham,0,0
5559,ham,0,0
5560,ham,0,0
5561,ham,0,0
5562,ham,0,0
5563,ham,0,0
5564,ham,0,0
5565,ham,0,0
5566,ham,0,0
5567,ham,0,0
5568,spam,0,0
5569,spam,0,0
5570,ham,0,0
5571,ham,0,0
5572,ham,0,1
5573,ham,0,0
